3372,0,26.5,'31786.0','INTEREST CREDITED','OTHER'
3372,31,138.10000610351562,'37997.0','INTEREST CREDITED','OTHER'
3372,31,164.10000610351562,'43934.1015625','INTEREST CREDITED','OTHER'
3372,30,186.1999969482422,'47393.30078125','INTEREST CREDITED','OTHER'
3372,14,9838.0,'61528.30078125','HOUSEHOLD PAYMENT','REMITTED TO ANOTHER BANK'
3372,17,14.600000381469727,'42221.5','PAYMENT FOR STATEMENT','CASH WITHDRAWAL'
3372,0,207.8000030517578,'42236.1015625','INTEREST CREDITED','OTHER'
3372,14,9838.0,'56356.5','HOUSEHOLD PAYMENT','REMITTED TO ANOTHER BANK'
3372,16,14.600000381469727,'37647.80078125','PAYMENT FOR STATEMENT','CASH WITHDRAWAL'
3372,0,185.89999389648438,'37662.3984375','INTEREST CREDITED','OTHER'
3372,14,9838.0,'58969.30078125','HOUSEHOLD PAYMENT','REMITTED TO ANOTHER BANK'
3372,17,14.600000381469727,'41565.8984375','PAYMENT FOR STATEMENT','CASH WITHDRAWAL'
3372,0,211.1999969482422,'41580.5','INTEREST CREDITED','OTHER'
3372,14,9838.0,'55700.8984375','HOUSEHOLD PAYMENT','REMITTED TO ANOTHER BANK'
3372,17,14.600000381469727,'33752.19921875','PAYMENT FOR STATEMENT','CASH WITHDRAWAL'
3372,0,165.89999389648438,'33766.80078125','INTEREST CREDITED','OTHER'
3372,14,9838.0,'47887.19921875','HOUSEHOLD PAYMENT','REMITTED TO ANOTHER BANK'
3372,14,14.600000381469727,'37530.69921875','PAYMENT FOR STATEMENT','CASH WITHDRAWAL'
3372,0,158.10000610351562,'37545.30078125','INTEREST CREDITED','OTHER'
3372,14,9838.0,'45785.69921875','HOUSEHOLD PAYMENT','REMITTED TO ANOTHER BANK'
3372,17,14.600000381469727,'38449.3984375','PAYMENT FOR STATEMENT','CASH WITHDRAWAL'
3372,0,178.39999389648438,'38464.0','INTEREST CREDITED','OTHER'
3372,14,9838.0,'52584.3984375','HOUSEHOLD PAYMENT','REMITTED TO ANOTHER BANK'
3372,16,14.600000381469727,'38643.69921875','PAYMENT FOR STATEMENT','CASH WITHDRAWAL'
3372,0,173.89999389648438,'38658.30078125','INTEREST CREDITED','OTHER'
3372,14,9838.0,'52778.69921875','HOUSEHOLD PAYMENT','REMITTED TO ANOTHER BANK'
3372,17,14.600000381469727,'38437.80078125','PAYMENT FOR STATEMENT','CASH WITHDRAWAL'
3372,0,173.6999969482422,'38452.3984375','INTEREST CREDITED','OTHER'
3372,14,9838.0,'64559.30078125','HOUSEHOLD PAYMENT','REMITTED TO ANOTHER BANK'
3372,16,14.600000381469727,'38017.6015625','PAYMENT FOR STATEMENT','CASH WITHDRAWAL'
3372,0,172.89999389648438,'38032.19921875','INTEREST CREDITED','OTHER'
3372,14,9838.0,'50592.6015625','HOUSEHOLD PAYMENT','REMITTED TO ANOTHER BANK'
3372,17,14.600000381469727,'41469.69921875','PAYMENT FOR STATEMENT','CASH WITHDRAWAL'
3372,0,191.6999969482422,'41484.30078125','INTEREST CREDITED','OTHER'
3372,14,9838.0,'55604.69921875','HOUSEHOLD PAYMENT','REMITTED TO ANOTHER BANK'
3372,17,14.600000381469727,'39368.19921875','PAYMENT FOR STATEMENT','CASH WITHDRAWAL'
3372,0,178.10000610351562,'39382.80078125','INTEREST CREDITED','OTHER'
3372,14,9838.0,'53503.19921875','HOUSEHOLD PAYMENT','REMITTED TO ANOTHER BANK'
3372,16,14.600000381469727,'38442.19921875','PAYMENT FOR STATEMENT','CASH WITHDRAWAL'
3372,0,173.60000610351562,'38456.80078125','INTEREST CREDITED','OTHER'
3372,14,9838.0,'52577.19921875','HOUSEHOLD PAYMENT','REMITTED TO ANOTHER BANK'
3372,17,14.600000381469727,'40433.5','PAYMENT FOR STATEMENT','CASH WITHDRAWAL'
3372,0,170.89999389648438,'40448.1015625','INTEREST CREDITED','OTHER'
3372,14,9838.0,'54568.5','HOUSEHOLD PAYMENT','REMITTED TO ANOTHER BANK'
3372,16,14.600000381469727,'46238.8984375','PAYMENT FOR STATEMENT','CASH WITHDRAWAL'
3372,0,185.0,'46253.5','INTEREST CREDITED','OTHER'
3372,14,9838.0,'69480.3984375','HOUSEHOLD PAYMENT','REMITTED TO ANOTHER BANK'
3372,17,14.600000381469727,'51704.69921875','PAYMENT FOR STATEMENT','CASH WITHDRAWAL'
3372,0,238.89999389648438,'51719.30078125','INTEREST CREDITED','OTHER'
3372,14,9838.0,'65839.703125','HOUSEHOLD PAYMENT','REMITTED TO ANOTHER BANK'
3372,17,14.600000381469727,'42060.80078125','PAYMENT FOR STATEMENT','CASH WITHDRAWAL'
3372,0,195.6999969482422,'42075.3984375','INTEREST CREDITED','OTHER'
3372,14,9838.0,'56195.80078125','HOUSEHOLD PAYMENT','REMITTED TO ANOTHER BANK'
3372,15,14.600000381469727,'45364.69921875','PAYMENT FOR STATEMENT','CASH WITHDRAWAL'
3372,0,183.5,'45379.30078125','INTEREST CREDITED','OTHER'
3372,14,9838.0,'59499.69921875','HOUSEHOLD PAYMENT','REMITTED TO ANOTHER BANK'
3372,17,14.600000381469727,'50888.80078125','PAYMENT FOR STATEMENT','CASH WITHDRAWAL'
3372,0,203.6999969482422,'50903.3984375','INTEREST CREDITED','OTHER'
3372,14,9838.0,'65023.80078125','HOUSEHOLD PAYMENT','REMITTED TO ANOTHER BANK'
3372,16,14.600000381469727,'52367.0','PAYMENT FOR STATEMENT','CASH WITHDRAWAL'
3372,0,217.6999969482422,'52381.6015625','INTEREST CREDITED','OTHER'
3372,14,9838.0,'66502.0','HOUSEHOLD PAYMENT','REMITTED TO ANOTHER BANK'
3372,17,14.600000381469727,'50903.0','PAYMENT FOR STATEMENT','CASH WITHDRAWAL'
3372,0,215.60000610351562,'50917.6015625','INTEREST CREDITED','OTHER'
3372,14,9838.0,'56624.5','HOUSEHOLD PAYMENT','REMITTED TO ANOTHER BANK'
3372,16,14.600000381469727,'41007.30078125','PAYMENT FOR STATEMENT','CASH WITHDRAWAL'
3372,0,237.39999389648438,'41021.8984375','INTEREST CREDITED','OTHER'
3372,14,9838.0,'49742.30078125','HOUSEHOLD PAYMENT','REMITTED TO ANOTHER BANK'
3372,17,14.600000381469727,'47038.3984375','PAYMENT FOR STATEMENT','CASH WITHDRAWAL'
3372,0,190.6999969482422,'49933.0','INTEREST CREDITED','OTHER'
3372,14,9838.0,'42713.3984375','HOUSEHOLD PAYMENT','REMITTED TO ANOTHER BANK'
3372,17,14.600000381469727,'41094.30078125','PAYMENT FOR STATEMENT','CASH WITHDRAWAL'
3372,0,195.5,'41108.8984375','INTEREST CREDITED','OTHER'
3372,14,9838.0,'36689.30078125','HOUSEHOLD PAYMENT','REMITTED TO ANOTHER BANK'
3372,16,14.600000381469727,'36846.1015625','PAYMENT FOR STATEMENT','CASH WITHDRAWAL'
3372,0,171.5,'36860.69921875','INTEREST CREDITED','OTHER'
3372,14,9838.0,'38281.1015625','HOUSEHOLD PAYMENT','REMITTED TO ANOTHER BANK'
3372,17,14.600000381469727,'36744.5','PAYMENT FOR STATEMENT','CASH WITHDRAWAL'
3372,0,158.0,'36759.1015625','INTEREST CREDITED','OTHER'
3372,14,9838.0,'42179.5','HOUSEHOLD PAYMENT','REMITTED TO ANOTHER BANK'
3372,16,14.600000381469727,'42336.0','PAYMENT FOR STATEMENT','CASH WITHDRAWAL'
3372,0,171.10000610351562,'42350.6015625','INTEREST CREDITED','OTHER'
3372,14,9838.0,'49957.5','HOUSEHOLD PAYMENT','REMITTED TO ANOTHER BANK'
3372,17,14.600000381469727,'47740.8984375','PAYMENT FOR STATEMENT','CASH WITHDRAWAL'
3372,0,198.0,'47755.5','INTEREST CREDITED','OTHER'
3372,14,9838.0,'41495.8984375','HOUSEHOLD PAYMENT','REMITTED TO ANOTHER BANK'
3372,17,14.600000381469727,'26288.80078125','PAYMENT FOR STATEMENT','CASH WITHDRAWAL'
3372,0,167.60000610351562,'26303.400390625','INTEREST CREDITED','OTHER'
3372,14,9838.0,'36123.80078125','HOUSEHOLD PAYMENT','REMITTED TO ANOTHER BANK'
3372,14,14.600000381469727,'36253.8984375','PAYMENT FOR STATEMENT','CASH WITHDRAWAL'
3372,0,144.60000610351562,'36268.5','INTEREST CREDITED','OTHER'
3372,14,9838.0,'43648.8984375','HOUSEHOLD PAYMENT','REMITTED TO ANOTHER BANK'
3372,17,14.600000381469727,'43808.6015625','PAYMENT FOR STATEMENT','CASH WITHDRAWAL'
3372,0,174.3000030517578,'43823.19921875','INTEREST CREDITED','OTHER'
3372,14,9838.0,'50943.6015625','HOUSEHOLD PAYMENT','REMITTED TO ANOTHER BANK'
3372,16,14.600000381469727,'51136.1015625','PAYMENT FOR STATEMENT','CASH WITHDRAWAL'
3372,0,207.10000610351562,'51150.69921875','INTEREST CREDITED','OTHER'
3372,14,9838.0,'52971.1015625','HOUSEHOLD PAYMENT','REMITTED TO ANOTHER BANK'
3372,17,14.600000381469727,'53178.5','PAYMENT FOR STATEMENT','CASH WITHDRAWAL'
3372,0,222.0,'53193.1015625','INTEREST CREDITED','OTHER'
3372,14,9838.0,'58800.0','HOUSEHOLD PAYMENT','REMITTED TO ANOTHER BANK'
3372,16,14.600000381469727,'59029.0','PAYMENT FOR STATEMENT','CASH WITHDRAWAL'
3372,0,243.6999969482422,'59043.6015625','INTEREST CREDITED','OTHER'
3372,14,9838.0,'62564.0','HOUSEHOLD PAYMENT','REMITTED TO ANOTHER BANK'
3372,17,14.600000381469727,'61490.6015625','PAYMENT FOR STATEMENT','CASH WITHDRAWAL'
3372,0,261.1000061035156,'61505.19921875','INTEREST CREDITED','OTHER'
3372,14,9838.0,'58825.6015625','HOUSEHOLD PAYMENT','REMITTED TO ANOTHER BANK'
3372,17,14.600000381469727,'59078.0','PAYMENT FOR STATEMENT','CASH WITHDRAWAL'
3372,0,267.0,'59092.6015625','INTEREST CREDITED','OTHER'
3372,14,9838.0,'73213.0','HOUSEHOLD PAYMENT','REMITTED TO ANOTHER BANK'
3372,16,14.600000381469727,'73475.703125','PAYMENT FOR STATEMENT','CASH WITHDRAWAL'
3372,0,277.29998779296875,'73490.296875','INTEREST CREDITED','OTHER'
3372,14,9838.0,'78310.703125','HOUSEHOLD PAYMENT','REMITTED TO ANOTHER BANK'
3372,17,14.600000381469727,'78623.3984375','PAYMENT FOR STATEMENT','CASH WITHDRAWAL'
3372,0,327.29998779296875,'78638.0','INTEREST CREDITED','OTHER'
3372,14,9838.0,'77658.3984375','HOUSEHOLD PAYMENT','REMITTED TO ANOTHER BANK'
3372,16,14.600000381469727,'77974.0','PAYMENT FOR STATEMENT','CASH WITHDRAWAL'
3372,0,330.29998779296875,'77988.6015625','INTEREST CREDITED','OTHER'
3372,14,9838.0,'88995.5','HOUSEHOLD PAYMENT','REMITTED TO ANOTHER BANK'
3372,17,14.600000381469727,'89344.203125','PAYMENT FOR STATEMENT','CASH WITHDRAWAL'
3372,0,363.20001220703125,'89358.796875','INTEREST CREDITED','OTHER'
3372,14,9838.0,'79739.203125','HOUSEHOLD PAYMENT','REMITTED TO ANOTHER BANK'
3372,17,14.600000381469727,'80075.1015625','PAYMENT FOR STATEMENT','CASH WITHDRAWAL'
3372,0,350.6000061035156,'80089.703125','INTEREST CREDITED','OTHER'
3372,14,9838.0,'78310.1015625','HOUSEHOLD PAYMENT','REMITTED TO ANOTHER BANK'
3372,14,14.600000381469727,'78629.203125','PAYMENT FOR STATEMENT','CASH WITHDRAWAL'
3372,0,333.70001220703125,'78643.796875','INTEREST CREDITED','OTHER'
3372,14,9838.0,'77864.203125','HOUSEHOLD PAYMENT','REMITTED TO ANOTHER BANK'
3372,17,14.600000381469727,'76576.5','PAYMENT FOR STATEMENT','CASH WITHDRAWAL'
3372,0,326.79998779296875,'76591.1015625','INTEREST CREDITED','OTHER'
3372,14,9838.0,'77411.5','HOUSEHOLD PAYMENT','REMITTED TO ANOTHER BANK'
3372,16,14.600000381469727,'73279.796875','PAYMENT FOR STATEMENT','CASH WITHDRAWAL'
3372,0,322.8999938964844,'73294.3984375','INTEREST CREDITED','OTHER'
3372,14,9838.0,'76714.796875','HOUSEHOLD PAYMENT','REMITTED TO ANOTHER BANK'
3372,17,14.600000381469727,'73319.5','PAYMENT FOR STATEMENT','CASH WITHDRAWAL'
3372,0,319.3999938964844,'73334.1015625','INTEREST CREDITED','OTHER'
3372,14,9838.0,'91441.0','HOUSEHOLD PAYMENT','REMITTED TO ANOTHER BANK'
3372,16,14.600000381469727,'50651.69921875','PAYMENT FOR STATEMENT','CASH WITHDRAWAL'
3372,0,345.29998779296875,'50666.30078125','INTEREST CREDITED','OTHER'
3372,14,9838.0,'65386.69921875','HOUSEHOLD PAYMENT','REMITTED TO ANOTHER BANK'
3372,17,14.600000381469727,'65634.6015625','PAYMENT FOR STATEMENT','CASH WITHDRAWAL'
3372,0,262.5,'65649.203125','INTEREST CREDITED','OTHER'
3372,14,9838.0,'64309.6015625','HOUSEHOLD PAYMENT','REMITTED TO ANOTHER BANK'
3372,17,14.600000381469727,'61460.3984375','PAYMENT FOR STATEMENT','CASH WITHDRAWAL'
3372,0,265.3999938964844,'61475.0','INTEREST CREDITED','OTHER'
3372,14,9838.0,'67095.3984375','HOUSEHOLD PAYMENT','REMITTED TO ANOTHER BANK'
3372,16,14.600000381469727,'67358.6015625','PAYMENT FOR STATEMENT','CASH WITHDRAWAL'
3372,0,277.79998779296875,'67373.203125','INTEREST CREDITED','OTHER'
3372,14,9838.0,'71893.6015625','HOUSEHOLD PAYMENT','REMITTED TO ANOTHER BANK'
3372,17,14.600000381469727,'72177.6015625','PAYMENT FOR STATEMENT','CASH WITHDRAWAL'
3372,0,298.6000061035156,'72192.203125','INTEREST CREDITED','OTHER'
3372,14,9838.0,'73612.6015625','HOUSEHOLD PAYMENT','REMITTED TO ANOTHER BANK'
3372,16,14.600000381469727,'73906.6015625','PAYMENT FOR STATEMENT','CASH WITHDRAWAL'
3372,0,308.70001220703125,'73921.203125','INTEREST CREDITED','OTHER'
3372,14,9838.0,'90928.1015625','HOUSEHOLD PAYMENT','REMITTED TO ANOTHER BANK'
3372,17,362.6000061035156,'87890.703125','INTEREST CREDITED','OTHER'
1584,0,14.600000381469727,'13247.2001953125','PAYMENT FOR STATEMENT','CASH WITHDRAWAL'
1584,0,39.79999923706055,'13261.7998046875','INTEREST CREDITED','OTHER'
1584,30,14.600000381469727,'14282.7001953125','PAYMENT FOR STATEMENT','CASH WITHDRAWAL'
1584,0,58.099998474121094,'14297.2998046875','INTEREST CREDITED','OTHER'
1584,31,14.600000381469727,'14660.7998046875','PAYMENT FOR STATEMENT','CASH WITHDRAWAL'
1584,0,60.79999923706055,'14675.400390625','INTEREST CREDITED','OTHER'
1584,31,14.600000381469727,'15552.0','PAYMENT FOR STATEMENT','CASH WITHDRAWAL'
1584,0,63.79999923706055,'15566.599609375','INTEREST CREDITED','OTHER'
1584,28,14.600000381469727,'16597.0','PAYMENT FOR STATEMENT','CASH WITHDRAWAL'
1584,0,67.5999984741211,'16611.599609375','INTEREST CREDITED','OTHER'
1584,31,14.600000381469727,'17646.5','PAYMENT FOR STATEMENT','CASH WITHDRAWAL'
1584,0,72.0999984741211,'17661.099609375','INTEREST CREDITED','OTHER'
1584,30,14.600000381469727,'18700.30078125','PAYMENT FOR STATEMENT','CASH WITHDRAWAL'
1584,0,76.4000015258789,'18714.900390625','INTEREST CREDITED','OTHER'
1584,31,14.600000381469727,'19758.5','PAYMENT FOR STATEMENT','CASH WITHDRAWAL'
1584,0,80.80000305175781,'19773.099609375','INTEREST CREDITED','OTHER'
1584,30,14.600000381469727,'12096.900390625','PAYMENT FOR STATEMENT','CASH WITHDRAWAL'
1584,0,61.0,'12111.5','INTEREST CREDITED','OTHER'
1584,31,14.600000381469727,'13127.599609375','PAYMENT FOR STATEMENT','CASH WITHDRAWAL'
1584,0,53.29999923706055,'13142.2001953125','INTEREST CREDITED','OTHER'
1584,31,14.600000381469727,'12812.099609375','PAYMENT FOR STATEMENT','CASH WITHDRAWAL'
1584,0,57.0,'12826.7001953125','INTEREST CREDITED','OTHER'
1584,30,14.600000381469727,'13154.400390625','PAYMENT FOR STATEMENT','CASH WITHDRAWAL'
1584,0,55.0,'13169.0','INTEREST CREDITED','OTHER'
1584,31,14.600000381469727,'14189.5','PAYMENT FOR STATEMENT','CASH WITHDRAWAL'
1584,0,57.70000076293945,'14204.099609375','INTEREST CREDITED','OTHER'
1584,30,14.600000381469727,'15228.7998046875','PAYMENT FOR STATEMENT','CASH WITHDRAWAL'
1584,0,61.900001525878906,'15243.400390625','INTEREST CREDITED','OTHER'
1584,31,14.600000381469727,'15881.7001953125','PAYMENT FOR STATEMENT','CASH WITHDRAWAL'
1584,0,65.5,'15896.2998046875','INTEREST CREDITED','OTHER'
1584,31,14.600000381469727,'16928.099609375','PAYMENT FOR STATEMENT','CASH WITHDRAWAL'
1584,0,69.0,'16942.69921875','INTEREST CREDITED','OTHER'
1584,28,14.600000381469727,'17046.400390625','PAYMENT FOR STATEMENT','CASH WITHDRAWAL'
1584,0,70.9000015258789,'17061.0','INTEREST CREDITED','OTHER'
1584,31,14.600000381469727,'16714.099609375','PAYMENT FOR STATEMENT','CASH WITHDRAWAL'
1584,0,70.30000305175781,'16728.69921875','INTEREST CREDITED','OTHER'
1584,30,14.600000381469727,'17763.900390625','PAYMENT FOR STATEMENT','CASH WITHDRAWAL'
1584,0,72.4000015258789,'17778.5','INTEREST CREDITED','OTHER'
1584,31,14.600000381469727,'18818.0','PAYMENT FOR STATEMENT','CASH WITHDRAWAL'
1584,0,76.80000305175781,'18832.599609375','INTEREST CREDITED','OTHER'
1584,30,14.600000381469727,'16085.2001953125','PAYMENT FOR STATEMENT','CASH WITHDRAWAL'
1584,0,69.69999694824219,'16099.7998046875','INTEREST CREDITED','OTHER'
1584,31,14.600000381469727,'17132.30078125','PAYMENT FOR STATEMENT','CASH WITHDRAWAL'
1584,0,69.69999694824219,'17146.900390625','INTEREST CREDITED','OTHER'
1584,31,14.600000381469727,'18183.80078125','PAYMENT FOR STATEMENT','CASH WITHDRAWAL'
1584,0,74.0999984741211,'18198.400390625','INTEREST CREDITED','OTHER'
1584,30,14.600000381469727,'19239.599609375','PAYMENT FOR STATEMENT','CASH WITHDRAWAL'
1584,0,78.4000015258789,'19254.19921875','INTEREST CREDITED','OTHER'
1584,31,14.600000381469727,'20299.80078125','PAYMENT FOR STATEMENT','CASH WITHDRAWAL'
1584,0,82.80000305175781,'20314.400390625','INTEREST CREDITED','OTHER'
1584,30,14.600000381469727,'21364.30078125','PAYMENT FOR STATEMENT','CASH WITHDRAWAL'
1584,0,87.19999694824219,'21378.900390625','INTEREST CREDITED','OTHER'
1584,31,14.600000381469727,'21922.80078125','PAYMENT FOR STATEMENT','CASH WITHDRAWAL'
1584,0,91.0999984741211,'21937.400390625','INTEREST CREDITED','OTHER'
1584,31,14.600000381469727,'22994.099609375','PAYMENT FOR STATEMENT','CASH WITHDRAWAL'
1584,0,93.9000015258789,'23008.69921875','INTEREST CREDITED','OTHER'
1584,29,14.600000381469727,'23167.69921875','PAYMENT FOR STATEMENT','CASH WITHDRAWAL'
1584,0,96.19999694824219,'23182.30078125','INTEREST CREDITED','OTHER'
1584,31,14.600000381469727,'23522.099609375','PAYMENT FOR STATEMENT','CASH WITHDRAWAL'
1584,0,97.0,'23536.69921875','INTEREST CREDITED','OTHER'
1584,30,14.600000381469727,'24600.0','PAYMENT FOR STATEMENT','CASH WITHDRAWAL'
1584,0,100.4000015258789,'24614.599609375','INTEREST CREDITED','OTHER'
1584,31,14.600000381469727,'25682.30078125','PAYMENT FOR STATEMENT','CASH WITHDRAWAL'
1584,0,104.9000015258789,'25696.900390625','INTEREST CREDITED','OTHER'
1584,30,14.600000381469727,'21779.80078125','PAYMENT FOR STATEMENT','CASH WITHDRAWAL'
1584,0,110.0999984741211,'21794.400390625','INTEREST CREDITED','OTHER'
1584,31,14.600000381469727,'22850.30078125','PAYMENT FOR STATEMENT','CASH WITHDRAWAL'
1584,0,93.0999984741211,'22864.900390625','INTEREST CREDITED','OTHER'
1584,31,14.600000381469727,'23925.19921875','PAYMENT FOR STATEMENT','CASH WITHDRAWAL'
1584,0,97.5,'23939.80078125','INTEREST CREDITED','OTHER'
1584,30,14.600000381469727,'24855.19921875','PAYMENT FOR STATEMENT','CASH WITHDRAWAL'
1584,0,102.5999984741211,'24869.80078125','INTEREST CREDITED','OTHER'
1584,31,14.600000381469727,'25938.400390625','PAYMENT FOR STATEMENT','CASH WITHDRAWAL'
1584,0,105.80000305175781,'25953.0','INTEREST CREDITED','OTHER'
1584,30,14.600000381469727,'26454.599609375','PAYMENT FOR STATEMENT','CASH WITHDRAWAL'
1584,0,108.80000305175781,'26469.19921875','INTEREST CREDITED','OTHER'
1584,31,14.600000381469727,'26733.5','PAYMENT FOR STATEMENT','CASH WITHDRAWAL'
1584,0,111.5,'26748.099609375','INTEREST CREDITED','OTHER'
1584,31,14.600000381469727,'27824.30078125','PAYMENT FOR STATEMENT','CASH WITHDRAWAL'
1584,0,113.5,'27838.900390625','INTEREST CREDITED','OTHER'
1584,28,14.600000381469727,'28919.599609375','PAYMENT FOR STATEMENT','CASH WITHDRAWAL'
1584,0,117.80000305175781,'28934.19921875','INTEREST CREDITED','OTHER'
1584,31,14.600000381469727,'30019.400390625','PAYMENT FOR STATEMENT','CASH WITHDRAWAL'
1584,0,122.5,'30034.0','INTEREST CREDITED','OTHER'
1584,30,14.600000381469727,'31123.80078125','PAYMENT FOR STATEMENT','CASH WITHDRAWAL'
1584,0,127.0,'31138.400390625','INTEREST CREDITED','OTHER'
1584,31,14.600000381469727,'32232.69921875','PAYMENT FOR STATEMENT','CASH WITHDRAWAL'
1584,0,131.60000610351562,'32247.30078125','INTEREST CREDITED','OTHER'
1584,30,14.600000381469727,'25231.099609375','PAYMENT FOR STATEMENT','CASH WITHDRAWAL'
1584,0,120.9000015258789,'25785.69921875','INTEREST CREDITED','OTHER'
1584,31,14.600000381469727,'26315.30078125','PAYMENT FOR STATEMENT','CASH WITHDRAWAL'
1584,0,106.9000015258789,'26329.900390625','INTEREST CREDITED','OTHER'
1584,31,14.600000381469727,'27404.099609375','PAYMENT FOR STATEMENT','CASH WITHDRAWAL'
1584,0,111.30000305175781,'27418.69921875','INTEREST CREDITED','OTHER'
1584,30,14.600000381469727,'28497.19921875','PAYMENT FOR STATEMENT','CASH WITHDRAWAL'
1584,0,115.80000305175781,'28511.80078125','INTEREST CREDITED','OTHER'
1584,31,14.600000381469727,'26739.80078125','PAYMENT FOR STATEMENT','CASH WITHDRAWAL'
1584,0,115.0999984741211,'26754.400390625','INTEREST CREDITED','OTHER'
1584,30,14.600000381469727,'27830.099609375','PAYMENT FOR STATEMENT','CASH WITHDRAWAL'
1584,0,112.9000015258789,'27844.69921875','INTEREST CREDITED','OTHER'
1584,31,14.600000381469727,'28113.30078125','PAYMENT FOR STATEMENT','CASH WITHDRAWAL'
1584,0,115.9000015258789,'28127.900390625','INTEREST CREDITED','OTHER'
1584,31,14.600000381469727,'29209.19921875','PAYMENT FOR STATEMENT','CASH WITHDRAWAL'
1584,0,118.5,'29223.80078125','INTEREST CREDITED','OTHER'
1584,28,14.600000381469727,'29348.900390625','PAYMENT FOR STATEMENT','CASH WITHDRAWAL'
1584,0,122.30000305175781,'29363.5','INTEREST CREDITED','OTHER'
1584,31,14.600000381469727,'29638.30078125','PAYMENT FOR STATEMENT','CASH WITHDRAWAL'
1584,0,122.0,'29652.900390625','INTEREST CREDITED','OTHER'
1584,30,14.600000381469727,'30740.30078125','PAYMENT FOR STATEMENT','CASH WITHDRAWAL'
1584,0,124.5999984741211,'30754.900390625','INTEREST CREDITED','OTHER'
1584,31,14.600000381469727,'31846.80078125','PAYMENT FOR STATEMENT','CASH WITHDRAWAL'
1584,0,129.1999969482422,'31861.400390625','INTEREST CREDITED','OTHER'
1584,30,14.600000381469727,'27724.099609375','PAYMENT FOR STATEMENT','CASH WITHDRAWAL'
1584,0,119.9000015258789,'27738.69921875','INTEREST CREDITED','OTHER'
1584,31,14.600000381469727,'27645.19921875','PAYMENT FOR STATEMENT','CASH WITHDRAWAL'
1584,0,113.69999694824219,'27659.80078125','INTEREST CREDITED','OTHER'
1584,31,14.600000381469727,'28738.599609375','PAYMENT FOR STATEMENT','CASH WITHDRAWAL'
1584,0,116.0,'28753.19921875','INTEREST CREDITED','OTHER'
1584,30,14.600000381469727,'29836.400390625','PAYMENT FOR STATEMENT','CASH WITHDRAWAL'
1584,0,120.4000015258789,'29851.0','INTEREST CREDITED','OTHER'
1584,31,14.600000381469727,'29798.0','PAYMENT FOR STATEMENT','CASH WITHDRAWAL'
1584,0,124.19999694824219,'29812.599609375','INTEREST CREDITED','OTHER'
1584,30,14.600000381469727,'30900.099609375','PAYMENT FOR STATEMENT','CASH WITHDRAWAL'
1584,0,124.69999694824219,'30914.69921875','INTEREST CREDITED','OTHER'
1584,31,127.9000015258789,'31270.0','INTEREST CREDITED','OTHER'
9640,0,48.79999923706055,'20254.80078125','INTEREST CREDITED','OTHER'
9640,30,131.5,'39992.30078125','INTEREST CREDITED','OTHER'
9640,31,192.5,'50390.80078125','INTEREST CREDITED','OTHER'
9640,30,244.3000030517578,'64494.1015625','INTEREST CREDITED','OTHER'
9640,31,14.600000381469727,'62448.0','PAYMENT FOR STATEMENT','CASH WITHDRAWAL'
9640,0,262.5,'62462.6015625','INTEREST CREDITED','OTHER'
9640,5,10597.0,'51851.0','HOUSEHOLD PAYMENT','REMITTED TO ANOTHER BANK'
9640,26,14.600000381469727,'47572.19921875','PAYMENT FOR STATEMENT','CASH WITHDRAWAL'
9640,0,216.8000030517578,'47586.80078125','INTEREST CREDITED','OTHER'
9640,5,10597.0,'33175.19921875','HOUSEHOLD PAYMENT','REMITTED TO ANOTHER BANK'
9640,25,14.600000381469727,'41641.19921875','PAYMENT FOR STATEMENT','CASH WITHDRAWAL'
9640,0,161.60000610351562,'41655.80078125','INTEREST CREDITED','OTHER'
9640,5,10597.0,'27244.19921875','HOUSEHOLD PAYMENT','REMITTED TO ANOTHER BANK'
9640,26,14.600000381469727,'37993.0','PAYMENT FOR STATEMENT','CASH WITHDRAWAL'
9640,0,144.39999389648438,'38007.6015625','INTEREST CREDITED','OTHER'
9640,5,10597.0,'27396.0','HOUSEHOLD PAYMENT','REMITTED TO ANOTHER BANK'
9640,25,14.600000381469727,'25467.599609375','PAYMENT FOR STATEMENT','CASH WITHDRAWAL'
9640,0,147.1999969482422,'25482.19921875','INTEREST CREDITED','OTHER'
9640,5,10597.0,'14870.599609375','HOUSEHOLD PAYMENT','REMITTED TO ANOTHER BANK'
9640,26,14.600000381469727,'44679.69921875','PAYMENT FOR STATEMENT','CASH WITHDRAWAL'
9640,0,151.6999969482422,'44694.30078125','INTEREST CREDITED','OTHER'
9640,5,10597.0,'16765.69921875','HOUSEHOLD PAYMENT','REMITTED TO ANOTHER BANK'
9640,26,14.600000381469727,'21883.400390625','PAYMENT FOR STATEMENT','CASH WITHDRAWAL'
9640,0,113.30000305175781,'21898.0','INTEREST CREDITED','OTHER'
9640,5,10597.0,'8686.400390625','HOUSEHOLD PAYMENT','REMITTED TO ANOTHER BANK'
9640,23,14.600000381469727,'26089.900390625','PAYMENT FOR STATEMENT','CASH WITHDRAWAL'
9640,0,99.0999984741211,'26104.5','INTEREST CREDITED','OTHER'
9640,5,10597.0,'15492.900390625','HOUSEHOLD PAYMENT','REMITTED TO ANOTHER BANK'
9640,26,14.600000381469727,'31516.400390625','PAYMENT FOR STATEMENT','CASH WITHDRAWAL'
9640,0,119.0999984741211,'31531.0','INTEREST CREDITED','OTHER'
9640,5,10597.0,'20919.400390625','HOUSEHOLD PAYMENT','REMITTED TO ANOTHER BANK'
9640,25,14.600000381469727,'35751.5','PAYMENT FOR STATEMENT','CASH WITHDRAWAL'
9640,0,127.69999694824219,'35766.1015625','INTEREST CREDITED','OTHER'
9640,5,10597.0,'25154.5','HOUSEHOLD PAYMENT','REMITTED TO ANOTHER BANK'
9640,26,14.600000381469727,'40212.19921875','PAYMENT FOR STATEMENT','CASH WITHDRAWAL'
9640,0,153.3000030517578,'40226.80078125','INTEREST CREDITED','OTHER'
9640,5,10597.0,'29615.19921875','HOUSEHOLD PAYMENT','REMITTED TO ANOTHER BANK'
9640,25,14.600000381469727,'50048.30078125','PAYMENT FOR STATEMENT','CASH WITHDRAWAL'
9640,0,175.8000030517578,'50062.8984375','INTEREST CREDITED','OTHER'
9640,5,10597.0,'36244.30078125','HOUSEHOLD PAYMENT','REMITTED TO ANOTHER BANK'
9640,26,14.600000381469727,'41522.6015625','PAYMENT FOR STATEMENT','CASH WITHDRAWAL'
9640,0,162.89999389648438,'41537.19921875','INTEREST CREDITED','OTHER'
9640,5,10597.0,'25155.599609375','HOUSEHOLD PAYMENT','REMITTED TO ANOTHER BANK'
9640,26,14.600000381469727,'40314.0','PAYMENT FOR STATEMENT','CASH WITHDRAWAL'
9640,0,154.0,'40328.6015625','INTEREST CREDITED','OTHER'
9640,5,10597.0,'23517.0','HOUSEHOLD PAYMENT','REMITTED TO ANOTHER BANK'
9640,25,14.600000381469727,'24539.0','PAYMENT FOR STATEMENT','CASH WITHDRAWAL'
9640,0,117.5999984741211,'24553.599609375','INTEREST CREDITED','OTHER'
9640,5,10597.0,'16542.0','HOUSEHOLD PAYMENT','REMITTED TO ANOTHER BANK'
9640,26,14.600000381469727,'25575.099609375','PAYMENT FOR STATEMENT','CASH WITHDRAWAL'
9640,0,94.69999694824219,'25589.69921875','INTEREST CREDITED','OTHER'
9640,5,10597.0,'16578.099609375','HOUSEHOLD PAYMENT','REMITTED TO ANOTHER BANK'
9640,25,14.600000381469727,'28082.69921875','PAYMENT FOR STATEMENT','CASH WITHDRAWAL'
9640,0,100.19999694824219,'28097.30078125','INTEREST CREDITED','OTHER'
9640,5,10597.0,'17485.69921875','HOUSEHOLD PAYMENT','REMITTED TO ANOTHER BANK'
9640,26,14.600000381469727,'27646.900390625','PAYMENT FOR STATEMENT','CASH WITHDRAWAL'
9640,0,109.80000305175781,'27661.5','INTEREST CREDITED','OTHER'
9640,5,10597.0,'16349.900390625','HOUSEHOLD PAYMENT','REMITTED TO ANOTHER BANK'
9640,7,3184.300048828125,'9078.5','LOAN PAYMENT','REMITTED TO ANOTHER BANK'
9640,19,14.600000381469727,'22860.80078125','PAYMENT FOR STATEMENT','CASH WITHDRAWAL'
9640,0,90.9000015258789,'22875.400390625','INTEREST CREDITED','OTHER'
9640,5,10597.0,'15063.7998046875','HOUSEHOLD PAYMENT','REMITTED TO ANOTHER BANK'
9640,7,3184.300048828125,'7792.5','LOAN PAYMENT','REMITTED TO ANOTHER BANK'
9640,16,14.600000381469727,'26976.19921875','PAYMENT FOR STATEMENT','CASH WITHDRAWAL'
9640,0,92.30000305175781,'26990.80078125','INTEREST CREDITED','OTHER'
9640,5,10597.0,'19479.19921875','HOUSEHOLD PAYMENT','REMITTED TO ANOTHER BANK'
9640,7,3184.300048828125,'12207.7998046875','LOAN PAYMENT','REMITTED TO ANOTHER BANK'
9640,19,14.600000381469727,'27166.80078125','PAYMENT FOR STATEMENT','CASH WITHDRAWAL'
9640,0,102.5999984741211,'27181.400390625','INTEREST CREDITED','OTHER'
9640,5,10597.0,'19569.80078125','HOUSEHOLD PAYMENT','REMITTED TO ANOTHER BANK'
9640,7,3184.300048828125,'12298.5','LOAN PAYMENT','REMITTED TO ANOTHER BANK'
9640,18,14.600000381469727,'29398.400390625','PAYMENT FOR STATEMENT','CASH WITHDRAWAL'
9640,0,108.5,'29413.0','INTEREST CREDITED','OTHER'
9640,5,10597.0,'20601.400390625','HOUSEHOLD PAYMENT','REMITTED TO ANOTHER BANK'
9640,7,3184.300048828125,'13330.099609375','LOAN PAYMENT','REMITTED TO ANOTHER BANK'
9640,19,14.600000381469727,'32538.900390625','PAYMENT FOR STATEMENT','CASH WITHDRAWAL'
9640,0,117.4000015258789,'32553.5','INTEREST CREDITED','OTHER'
9640,5,10597.0,'21141.900390625','HOUSEHOLD PAYMENT','REMITTED TO ANOTHER BANK'
9640,7,3184.300048828125,'13870.599609375','LOAN PAYMENT','REMITTED TO ANOTHER BANK'
9640,18,14.600000381469727,'42659.3984375','PAYMENT FOR STATEMENT','CASH WITHDRAWAL'
9640,0,144.39999389648438,'42674.0','INTEREST CREDITED','OTHER'
9640,5,10597.0,'25262.400390625','HOUSEHOLD PAYMENT','REMITTED TO ANOTHER BANK'
9640,7,3184.300048828125,'17991.0','LOAN PAYMENT','REMITTED TO ANOTHER BANK'
9640,19,14.600000381469727,'37223.69921875','PAYMENT FOR STATEMENT','CASH WITHDRAWAL'
9640,0,141.3000030517578,'37238.30078125','INTEREST CREDITED','OTHER'
9640,5,10597.0,'21226.69921875','HOUSEHOLD PAYMENT','REMITTED TO ANOTHER BANK'
9640,7,3184.300048828125,'13955.400390625','LOAN PAYMENT','REMITTED TO ANOTHER BANK'
9640,19,14.600000381469727,'28678.599609375','PAYMENT FOR STATEMENT','CASH WITHDRAWAL'
9640,0,131.8000030517578,'28693.19921875','INTEREST CREDITED','OTHER'
9640,5,10597.0,'18081.599609375','HOUSEHOLD PAYMENT','REMITTED TO ANOTHER BANK'
9640,7,3184.300048828125,'10810.2998046875','LOAN PAYMENT','REMITTED TO ANOTHER BANK'
9640,18,14.600000381469727,'29615.900390625','PAYMENT FOR STATEMENT','CASH WITHDRAWAL'
9640,0,114.19999694824219,'29630.5','INTEREST CREDITED','OTHER'
9640,5,10597.0,'16018.900390625','HOUSEHOLD PAYMENT','REMITTED TO ANOTHER BANK'
9640,7,3184.300048828125,'8747.599609375','LOAN PAYMENT','REMITTED TO ANOTHER BANK'
9640,19,14.600000381469727,'30240.30078125','PAYMENT FOR STATEMENT','CASH WITHDRAWAL'
9640,0,101.30000305175781,'30254.900390625','INTEREST CREDITED','OTHER'
9640,5,10597.0,'19643.30078125','HOUSEHOLD PAYMENT','REMITTED TO ANOTHER BANK'
9640,7,3184.300048828125,'12372.0','LOAN PAYMENT','REMITTED TO ANOTHER BANK'
9640,18,14.600000381469727,'32784.5','PAYMENT FOR STATEMENT','CASH WITHDRAWAL'
9640,0,121.0999984741211,'32799.1015625','INTEREST CREDITED','OTHER'
9640,5,10597.0,'22187.5','HOUSEHOLD PAYMENT','REMITTED TO ANOTHER BANK'
9640,7,3184.300048828125,'14916.2001953125','LOAN PAYMENT','REMITTED TO ANOTHER BANK'
9640,19,14.600000381469727,'28523.69921875','PAYMENT FOR STATEMENT','CASH WITHDRAWAL'
9640,0,140.10000610351562,'28538.30078125','INTEREST CREDITED','OTHER'
9640,5,10597.0,'14326.7001953125','HOUSEHOLD PAYMENT','REMITTED TO ANOTHER BANK'
9640,7,3184.300048828125,'7055.2998046875','LOAN PAYMENT','REMITTED TO ANOTHER BANK'
9640,19,14.600000381469727,'28741.400390625','PAYMENT FOR STATEMENT','CASH WITHDRAWAL'
9640,0,94.5999984741211,'28756.0','INTEREST CREDITED','OTHER'
9640,5,10597.0,'18144.400390625','HOUSEHOLD PAYMENT','REMITTED TO ANOTHER BANK'
9640,7,3184.300048828125,'10873.0','LOAN PAYMENT','REMITTED TO ANOTHER BANK'
9640,17,14.600000381469727,'34480.69921875','PAYMENT FOR STATEMENT','CASH WITHDRAWAL'
9640,0,116.30000305175781,'34495.30078125','INTEREST CREDITED','OTHER'
9640,5,10597.0,'23883.69921875','HOUSEHOLD PAYMENT','REMITTED TO ANOTHER BANK'
9640,7,3184.300048828125,'16612.400390625','LOAN PAYMENT','REMITTED TO ANOTHER BANK'
9640,19,14.600000381469727,'38343.6015625','PAYMENT FOR STATEMENT','CASH WITHDRAWAL'
9640,0,139.8000030517578,'38358.19921875','INTEREST CREDITED','OTHER'
9640,5,10597.0,'27746.599609375','HOUSEHOLD PAYMENT','REMITTED TO ANOTHER BANK'
9640,7,3184.300048828125,'20475.30078125','LOAN PAYMENT','REMITTED TO ANOTHER BANK'
9640,18,14.600000381469727,'37519.0','PAYMENT FOR STATEMENT','CASH WITHDRAWAL'
9640,0,152.3000030517578,'37533.6015625','INTEREST CREDITED','OTHER'
9640,5,10597.0,'26922.0','HOUSEHOLD PAYMENT','REMITTED TO ANOTHER BANK'
9640,7,3184.300048828125,'19650.69921875','LOAN PAYMENT','REMITTED TO ANOTHER BANK'
9640,19,14.600000381469727,'40694.1015625','PAYMENT FOR STATEMENT','CASH WITHDRAWAL'
9640,0,152.0,'40708.69921875','INTEREST CREDITED','OTHER'
9640,5,10597.0,'30097.099609375','HOUSEHOLD PAYMENT','REMITTED TO ANOTHER BANK'
9640,7,3184.300048828125,'22825.80078125','LOAN PAYMENT','REMITTED TO ANOTHER BANK'
9640,18,14.600000381469727,'47454.0','PAYMENT FOR STATEMENT','CASH WITHDRAWAL'
9640,0,183.8000030517578,'47468.6015625','INTEREST CREDITED','OTHER'
9640,5,10597.0,'36857.0','HOUSEHOLD PAYMENT','REMITTED TO ANOTHER BANK'
9640,7,3184.300048828125,'29585.599609375','LOAN PAYMENT','REMITTED TO ANOTHER BANK'
9640,19,14.600000381469727,'36848.5','PAYMENT FOR STATEMENT','CASH WITHDRAWAL'
9640,0,180.39999389648438,'36863.1015625','INTEREST CREDITED','OTHER'
9640,5,10597.0,'26251.5','HOUSEHOLD PAYMENT','REMITTED TO ANOTHER BANK'
9640,7,3184.300048828125,'18980.099609375','LOAN PAYMENT','REMITTED TO ANOTHER BANK'
9640,19,14.600000381469727,'38123.3984375','PAYMENT FOR STATEMENT','CASH WITHDRAWAL'
9640,0,144.89999389648438,'38138.0','INTEREST CREDITED','OTHER'
9640,5,10597.0,'27526.400390625','HOUSEHOLD PAYMENT','REMITTED TO ANOTHER BANK'
9640,7,3184.300048828125,'20255.0','LOAN PAYMENT','REMITTED TO ANOTHER BANK'
9640,18,14.600000381469727,'38898.1015625','PAYMENT FOR STATEMENT','CASH WITHDRAWAL'
9640,0,151.6999969482422,'38912.69921875','INTEREST CREDITED','OTHER'
9640,5,10597.0,'28301.099609375','HOUSEHOLD PAYMENT','REMITTED TO ANOTHER BANK'
9640,7,3184.300048828125,'21029.80078125','LOAN PAYMENT','REMITTED TO ANOTHER BANK'
9640,19,14.600000381469727,'41978.8984375','PAYMENT FOR STATEMENT','CASH WITHDRAWAL'
9640,0,157.8000030517578,'41993.5','INTEREST CREDITED','OTHER'
9640,5,10597.0,'31381.900390625','HOUSEHOLD PAYMENT','REMITTED TO ANOTHER BANK'
9640,7,3184.300048828125,'24110.599609375','LOAN PAYMENT','REMITTED TO ANOTHER BANK'
9640,18,14.600000381469727,'36965.5','PAYMENT FOR STATEMENT','CASH WITHDRAWAL'
9640,0,163.5,'36980.1015625','INTEREST CREDITED','OTHER'
9640,5,10597.0,'26368.5','HOUSEHOLD PAYMENT','REMITTED TO ANOTHER BANK'
9640,7,3184.300048828125,'19097.19921875','LOAN PAYMENT','REMITTED TO ANOTHER BANK'
9640,19,14.600000381469727,'44411.5','PAYMENT FOR STATEMENT','CASH WITHDRAWAL'
9640,0,169.89999389648438,'44426.1015625','INTEREST CREDITED','OTHER'
9640,5,10597.0,'32014.5','HOUSEHOLD PAYMENT','REMITTED TO ANOTHER BANK'
9640,7,3184.300048828125,'18143.19921875','LOAN PAYMENT','REMITTED TO ANOTHER BANK'
9640,19,14.600000381469727,'41381.1015625','PAYMENT FOR STATEMENT','CASH WITHDRAWAL'
9640,0,146.5,'41395.69921875','INTEREST CREDITED','OTHER'
9640,5,10597.0,'30784.099609375','HOUSEHOLD PAYMENT','REMITTED TO ANOTHER BANK'
9640,23,14.600000381469727,'48363.1015625','PAYMENT FOR STATEMENT','CASH WITHDRAWAL'
9640,0,174.60000610351562,'48377.69921875','INTEREST CREDITED','OTHER'
9640,5,10597.0,'37766.1015625','HOUSEHOLD PAYMENT','REMITTED TO ANOTHER BANK'
9640,26,14.600000381469727,'41469.6015625','PAYMENT FOR STATEMENT','CASH WITHDRAWAL'
9640,0,170.10000610351562,'41484.19921875','INTEREST CREDITED','OTHER'
9640,5,10597.0,'30872.599609375','HOUSEHOLD PAYMENT','REMITTED TO ANOTHER BANK'
9640,25,14.600000381469727,'47443.5','PAYMENT FOR STATEMENT','CASH WITHDRAWAL'
9640,0,166.5,'47458.1015625','INTEREST CREDITED','OTHER'
9640,5,10597.0,'33546.5','HOUSEHOLD PAYMENT','REMITTED TO ANOTHER BANK'
9640,26,14.600000381469727,'49609.0','PAYMENT FOR STATEMENT','CASH WITHDRAWAL'
9640,0,179.10000610351562,'49623.6015625','INTEREST CREDITED','OTHER'
9640,5,10597.0,'39012.0','HOUSEHOLD PAYMENT','REMITTED TO ANOTHER BANK'
9640,25,14.600000381469727,'38220.8984375','PAYMENT FOR STATEMENT','CASH WITHDRAWAL'
9640,0,212.5,'38235.5','INTEREST CREDITED','OTHER'
9640,5,10597.0,'24223.900390625','HOUSEHOLD PAYMENT','REMITTED TO ANOTHER BANK'
9640,26,14.600000381469727,'45773.0','PAYMENT FOR STATEMENT','CASH WITHDRAWAL'
9640,0,144.6999969482422,'45787.6015625','INTEREST CREDITED','OTHER'
9640,5,10597.0,'35176.0','HOUSEHOLD PAYMENT','REMITTED TO ANOTHER BANK'
9640,26,14.600000381469727,'41177.6015625','PAYMENT FOR STATEMENT','CASH WITHDRAWAL'
9640,0,172.1999969482422,'41192.19921875','INTEREST CREDITED','OTHER'
9640,5,10597.0,'30580.599609375','HOUSEHOLD PAYMENT','REMITTED TO ANOTHER BANK'
9640,25,14.600000381469727,'43049.5','PAYMENT FOR STATEMENT','CASH WITHDRAWAL'
9640,0,164.5,'43064.1015625','INTEREST CREDITED','OTHER'
9640,5,10597.0,'32452.5','HOUSEHOLD PAYMENT','REMITTED TO ANOTHER BANK'
9640,26,14.600000381469727,'52823.30078125','PAYMENT FOR STATEMENT','CASH WITHDRAWAL'
9640,0,206.5,'52837.8984375','INTEREST CREDITED','OTHER'
9640,5,10597.0,'42226.30078125','HOUSEHOLD PAYMENT','REMITTED TO ANOTHER BANK'
9640,25,14.600000381469727,'62350.0','PAYMENT FOR STATEMENT','CASH WITHDRAWAL'
9640,0,219.3000030517578,'62364.6015625','INTEREST CREDITED','OTHER'
9640,5,10597.0,'51753.0','HOUSEHOLD PAYMENT','REMITTED TO ANOTHER BANK'
9640,26,14.600000381469727,'57671.3984375','PAYMENT FOR STATEMENT','CASH WITHDRAWAL'
9640,0,261.0,'57686.0','INTEREST CREDITED','OTHER'
9640,5,10597.0,'47074.3984375','HOUSEHOLD PAYMENT','REMITTED TO ANOTHER BANK'
9640,26,14.600000381469727,'30768.599609375','PAYMENT FOR STATEMENT','CASH WITHDRAWAL'
9640,0,189.89999389648438,'30783.19921875','INTEREST CREDITED','OTHER'
9640,5,10597.0,'20171.599609375','HOUSEHOLD PAYMENT','REMITTED TO ANOTHER BANK'
9640,23,14.600000381469727,'57340.1015625','PAYMENT FOR STATEMENT','CASH WITHDRAWAL'
9640,0,164.0,'57354.69921875','INTEREST CREDITED','OTHER'
9640,5,10597.0,'46743.1015625','HOUSEHOLD PAYMENT','REMITTED TO ANOTHER BANK'
9640,26,14.600000381469727,'72406.5','PAYMENT FOR STATEMENT','CASH WITHDRAWAL'
9640,0,259.0,'72421.1015625','INTEREST CREDITED','OTHER'
9640,5,10597.0,'61809.5','HOUSEHOLD PAYMENT','REMITTED TO ANOTHER BANK'
9640,25,14.600000381469727,'77312.8984375','PAYMENT FOR STATEMENT','CASH WITHDRAWAL'
9640,0,299.0,'77327.5','INTEREST CREDITED','OTHER'
9640,5,10597.0,'66715.8984375','HOUSEHOLD PAYMENT','REMITTED TO ANOTHER BANK'
9640,26,14.600000381469727,'81741.796875','PAYMENT FOR STATEMENT','CASH WITHDRAWAL'
9640,0,321.5,'81756.3984375','INTEREST CREDITED','OTHER'
9640,5,10597.0,'67944.796875','HOUSEHOLD PAYMENT','REMITTED TO ANOTHER BANK'
9640,25,14.600000381469727,'91751.203125','PAYMENT FOR STATEMENT','CASH WITHDRAWAL'
9640,0,349.0,'91765.796875','INTEREST CREDITED','OTHER'
9640,5,10597.0,'81154.203125','HOUSEHOLD PAYMENT','REMITTED TO ANOTHER BANK'
9640,26,14.600000381469727,'82210.6015625','PAYMENT FOR STATEMENT','CASH WITHDRAWAL'
9640,0,352.1000061035156,'82225.203125','INTEREST CREDITED','OTHER'
9640,5,10597.0,'69113.6015625','HOUSEHOLD PAYMENT','REMITTED TO ANOTHER BANK'
9640,26,14.600000381469727,'82429.296875','PAYMENT FOR STATEMENT','CASH WITHDRAWAL'
9640,0,311.29998779296875,'82443.8984375','INTEREST CREDITED','OTHER'
9640,5,10597.0,'71832.296875','HOUSEHOLD PAYMENT','REMITTED TO ANOTHER BANK'
9640,25,14.600000381469727,'93892.0','PAYMENT FOR STATEMENT','CASH WITHDRAWAL'
9640,0,355.29998779296875,'93906.6015625','INTEREST CREDITED','OTHER'
9640,5,10597.0,'77595.0','HOUSEHOLD PAYMENT','REMITTED TO ANOTHER BANK'
9640,26,14.600000381469727,'96267.5','PAYMENT FOR STATEMENT','CASH WITHDRAWAL'
9640,0,368.1000061035156,'96282.1015625','INTEREST CREDITED','OTHER'
9640,5,10597.0,'85670.5','HOUSEHOLD PAYMENT','REMITTED TO ANOTHER BANK'
9640,25,14.600000381469727,'85859.203125','PAYMENT FOR STATEMENT','CASH WITHDRAWAL'
9640,0,384.29998779296875,'85873.796875','INTEREST CREDITED','OTHER'
9640,5,10597.0,'75262.203125','HOUSEHOLD PAYMENT','REMITTED TO ANOTHER BANK'
9640,26,408.6000061035156,'111740.0','INTEREST CREDITED','OTHER'
2731,0,18.600000381469727,'23070.599609375','INTEREST CREDITED','OTHER'
2731,30,104.80000305175781,'33627.3984375','INTEREST CREDITED','OTHER'
2731,31,150.0,'44655.3984375','INTEREST CREDITED','OTHER'
2731,31,189.10000610351562,'48096.5','INTEREST CREDITED','OTHER'
2731,13,5044.0,'65904.5','HOUSEHOLD PAYMENT','REMITTED TO ANOTHER BANK'
2731,16,14.600000381469727,'45512.69921875','PAYMENT FOR STATEMENT','CASH WITHDRAWAL'
2731,0,222.89999389648438,'45527.30078125','INTEREST CREDITED','OTHER'
2731,13,5044.0,'63320.69921875','HOUSEHOLD PAYMENT','REMITTED TO ANOTHER BANK'
2731,18,14.600000381469727,'43317.30078125','PAYMENT FOR STATEMENT','CASH WITHDRAWAL'
2731,0,211.1999969482422,'43331.8984375','INTEREST CREDITED','OTHER'
2731,13,5044.0,'61125.30078125','HOUSEHOLD PAYMENT','REMITTED TO ANOTHER BANK'
2731,17,14.600000381469727,'46726.5','PAYMENT FOR STATEMENT','CASH WITHDRAWAL'
2731,0,215.8000030517578,'46741.1015625','INTEREST CREDITED','OTHER'
2731,13,5044.0,'64534.5','HOUSEHOLD PAYMENT','REMITTED TO ANOTHER BANK'
2731,18,14.600000381469727,'45643.69921875','PAYMENT FOR STATEMENT','CASH WITHDRAWAL'
2731,0,223.8000030517578,'45658.30078125','INTEREST CREDITED','OTHER'
2731,13,5044.0,'70577.703125','HOUSEHOLD PAYMENT','REMITTED TO ANOTHER BANK'
2731,17,14.600000381469727,'47793.19921875','PAYMENT FOR STATEMENT','CASH WITHDRAWAL'
2731,0,230.0,'47807.80078125','INTEREST CREDITED','OTHER'
2731,13,5044.0,'65601.203125','HOUSEHOLD PAYMENT','REMITTED TO ANOTHER BANK'
2731,18,14.600000381469727,'50310.30078125','PAYMENT FOR STATEMENT','CASH WITHDRAWAL'
2731,0,223.6999969482422,'50324.8984375','INTEREST CREDITED','OTHER'
2731,13,5044.0,'68118.296875','HOUSEHOLD PAYMENT','REMITTED TO ANOTHER BANK'
2731,18,14.600000381469727,'49135.80078125','PAYMENT FOR STATEMENT','CASH WITHDRAWAL'
2731,0,232.10000610351562,'49150.3984375','INTEREST CREDITED','OTHER'
2731,13,5044.0,'66943.796875','HOUSEHOLD PAYMENT','REMITTED TO ANOTHER BANK'
2731,17,14.600000381469727,'48655.0','PAYMENT FOR STATEMENT','CASH WITHDRAWAL'
2731,0,225.8000030517578,'48669.6015625','INTEREST CREDITED','OTHER'
2731,13,5044.0,'64363.0','HOUSEHOLD PAYMENT','REMITTED TO ANOTHER BANK'
2731,18,14.600000381469727,'43957.80078125','PAYMENT FOR STATEMENT','CASH WITHDRAWAL'
2731,0,209.5,'43972.3984375','INTEREST CREDITED','OTHER'
2731,13,5044.0,'61765.80078125','HOUSEHOLD PAYMENT','REMITTED TO ANOTHER BANK'
2731,17,14.600000381469727,'41849.3984375','PAYMENT FOR STATEMENT','CASH WITHDRAWAL'
2731,0,198.1999969482422,'41864.0','INTEREST CREDITED','OTHER'
2731,13,5044.0,'69083.3984375','HOUSEHOLD PAYMENT','REMITTED TO ANOTHER BANK'
2731,18,14.600000381469727,'48576.3984375','PAYMENT FOR STATEMENT','CASH WITHDRAWAL'
2731,0,207.5,'48591.0','INTEREST CREDITED','OTHER'
2731,13,5044.0,'56884.3984375','HOUSEHOLD PAYMENT','REMITTED TO ANOTHER BANK'
2731,18,14.600000381469727,'34653.19921875','PAYMENT FOR STATEMENT','CASH WITHDRAWAL'
2731,0,183.39999389648438,'34667.80078125','INTEREST CREDITED','OTHER'
2731,13,5044.0,'52461.19921875','HOUSEHOLD PAYMENT','REMITTED TO ANOTHER BANK'
2731,15,14.600000381469727,'38808.3984375','PAYMENT FOR STATEMENT','CASH WITHDRAWAL'
2731,0,161.8000030517578,'38823.0','INTEREST CREDITED','OTHER'
2731,13,5044.0,'56616.3984375','HOUSEHOLD PAYMENT','REMITTED TO ANOTHER BANK'
2731,18,14.600000381469727,'43890.19921875','PAYMENT FOR STATEMENT','CASH WITHDRAWAL'
2731,0,188.3000030517578,'43904.80078125','INTEREST CREDITED','OTHER'
2731,13,5044.0,'59398.19921875','HOUSEHOLD PAYMENT','REMITTED TO ANOTHER BANK'
2731,17,14.600000381469727,'36063.8984375','PAYMENT FOR STATEMENT','CASH WITHDRAWAL'
2731,0,180.3000030517578,'36078.5','INTEREST CREDITED','OTHER'
2731,13,5044.0,'53871.8984375','HOUSEHOLD PAYMENT','REMITTED TO ANOTHER BANK'
2731,18,14.600000381469727,'37524.8984375','PAYMENT FOR STATEMENT','CASH WITHDRAWAL'
2731,0,167.60000610351562,'37539.5','INTEREST CREDITED','OTHER'
2731,13,5044.0,'66758.8984375','HOUSEHOLD PAYMENT','REMITTED TO ANOTHER BANK'
2731,17,14.600000381469727,'45834.8984375','PAYMENT FOR STATEMENT','CASH WITHDRAWAL'
2731,0,190.6999969482422,'45849.5','INTEREST CREDITED','OTHER'
2731,13,5044.0,'63642.8984375','HOUSEHOLD PAYMENT','REMITTED TO ANOTHER BANK'
2731,18,14.600000381469727,'44028.5','PAYMENT FOR STATEMENT','CASH WITHDRAWAL'
2731,0,200.1999969482422,'44043.1015625','INTEREST CREDITED','OTHER'
2731,13,5044.0,'61836.5','HOUSEHOLD PAYMENT','REMITTED TO ANOTHER BANK'
2731,18,14.600000381469727,'44913.3984375','PAYMENT FOR STATEMENT','CASH WITHDRAWAL'
2731,0,191.5,'44928.0','INTEREST CREDITED','OTHER'
2731,13,5044.0,'62721.3984375','HOUSEHOLD PAYMENT','REMITTED TO ANOTHER BANK'
2731,17,14.600000381469727,'41190.8984375','PAYMENT FOR STATEMENT','CASH WITHDRAWAL'
2731,0,184.10000610351562,'41205.5','INTEREST CREDITED','OTHER'
2731,13,5044.0,'58998.8984375','HOUSEHOLD PAYMENT','REMITTED TO ANOTHER BANK'
2731,18,14.600000381469727,'43967.19921875','PAYMENT FOR STATEMENT','CASH WITHDRAWAL'
2731,0,182.89999389648438,'43981.80078125','INTEREST CREDITED','OTHER'
2731,13,5044.0,'61775.19921875','HOUSEHOLD PAYMENT','REMITTED TO ANOTHER BANK'
2731,17,14.600000381469727,'42742.80078125','PAYMENT FOR STATEMENT','CASH WITHDRAWAL'
2731,0,182.1999969482422,'42757.3984375','INTEREST CREDITED','OTHER'
2731,13,5044.0,'71976.796875','HOUSEHOLD PAYMENT','REMITTED TO ANOTHER BANK'
2731,18,14.600000381469727,'44048.3984375','PAYMENT FOR STATEMENT','CASH WITHDRAWAL'
2731,0,186.1999969482422,'44063.0','INTEREST CREDITED','OTHER'
2731,13,5044.0,'40956.3984375','HOUSEHOLD PAYMENT','REMITTED TO ANOTHER BANK'
2731,18,14.600000381469727,'34705.19921875','PAYMENT FOR STATEMENT','CASH WITHDRAWAL'
2731,0,163.39999389648438,'34719.80078125','INTEREST CREDITED','OTHER'
2731,13,5044.0,'43813.19921875','HOUSEHOLD PAYMENT','REMITTED TO ANOTHER BANK'
2731,15,14.600000381469727,'43975.0','PAYMENT FOR STATEMENT','CASH WITHDRAWAL'
2731,0,176.39999389648438,'43989.6015625','INTEREST CREDITED','OTHER'
2731,13,5044.0,'55383.0','HOUSEHOLD PAYMENT','REMITTED TO ANOTHER BANK'
2731,18,14.600000381469727,'38338.80078125','PAYMENT FOR STATEMENT','CASH WITHDRAWAL'
2731,0,170.39999389648438,'38353.3984375','INTEREST CREDITED','OTHER'
2731,13,5044.0,'37546.80078125','HOUSEHOLD PAYMENT','REMITTED TO ANOTHER BANK'
2731,17,14.600000381469727,'37744.3984375','PAYMENT FOR STATEMENT','CASH WITHDRAWAL'
2731,0,212.3000030517578,'37759.0','INTEREST CREDITED','OTHER'
2731,13,5044.0,'55552.3984375','HOUSEHOLD PAYMENT','REMITTED TO ANOTHER BANK'
2731,18,14.600000381469727,'32948.30078125','PAYMENT FOR STATEMENT','CASH WITHDRAWAL'
2731,0,210.5,'32962.8984375','INTEREST CREDITED','OTHER'
2731,13,5044.0,'51582.30078125','HOUSEHOLD PAYMENT','REMITTED TO ANOTHER BANK'
2731,17,14.600000381469727,'44642.69921875','PAYMENT FOR STATEMENT','CASH WITHDRAWAL'
2731,0,175.10000610351562,'44657.30078125','INTEREST CREDITED','OTHER'
2731,13,5044.0,'48150.69921875','HOUSEHOLD PAYMENT','REMITTED TO ANOTHER BANK'
2731,18,14.600000381469727,'48329.5','PAYMENT FOR STATEMENT','CASH WITHDRAWAL'
2731,0,193.39999389648438,'48344.1015625','INTEREST CREDITED','OTHER'
2731,13,5044.0,'50237.5','HOUSEHOLD PAYMENT','REMITTED TO ANOTHER BANK'
2731,18,14.600000381469727,'50427.5','PAYMENT FOR STATEMENT','CASH WITHDRAWAL'
2731,0,204.60000610351562,'50442.1015625','INTEREST CREDITED','OTHER'
2731,13,5044.0,'53335.5','HOUSEHOLD PAYMENT','REMITTED TO ANOTHER BANK'
2731,17,14.600000381469727,'53548.3984375','PAYMENT FOR STATEMENT','CASH WITHDRAWAL'
2731,0,227.5,'53563.0','INTEREST CREDITED','OTHER'
2731,13,5044.0,'52656.3984375','HOUSEHOLD PAYMENT','REMITTED TO ANOTHER BANK'
2731,18,14.600000381469727,'52272.8984375','PAYMENT FOR STATEMENT','CASH WITHDRAWAL'
2731,0,231.10000610351562,'52887.5','INTEREST CREDITED','OTHER'
2731,13,5044.0,'56780.8984375','HOUSEHOLD PAYMENT','REMITTED TO ANOTHER BANK'
2731,17,14.600000381469727,'57005.19921875','PAYMENT FOR STATEMENT','CASH WITHDRAWAL'
2731,0,238.89999389648438,'57019.80078125','INTEREST CREDITED','OTHER'
2731,13,5044.0,'67939.203125','HOUSEHOLD PAYMENT','REMITTED TO ANOTHER BANK'
2731,18,276.1000061035156,'68215.296875','INTEREST CREDITED','OTHER'
2713,0,6422.0,'6922.0','OLD AGE PENSION','FROM ANOTHER BANK'
2713,17,17.299999237060547,'6939.2998046875','INTEREST CREDITED','OTHER'
2713,13,6422.0,'13361.2998046875','OLD AGE PENSION','FROM ANOTHER BANK'
2713,18,28.799999237060547,'13390.099609375','INTEREST CREDITED','OTHER'
2713,13,6422.0,'19812.099609375','OLD AGE PENSION','FROM ANOTHER BANK'
2713,17,28.799999237060547,'19841.0','INTEREST CREDITED','OTHER'
2713,13,6422.0,'26263.0','OLD AGE PENSION','FROM ANOTHER BANK'
2713,18,28.799999237060547,'26291.80078125','INTEREST CREDITED','OTHER'
2713,13,6422.0,'31413.80078125','OLD AGE PENSION','FROM ANOTHER BANK'
2713,0,3387.0,'28026.80078125','HOUSEHOLD PAYMENT','REMITTED TO ANOTHER BANK'
2713,18,14.600000381469727,'26903.0','PAYMENT FOR STATEMENT','CASH WITHDRAWAL'
2713,0,90.80000305175781,'28117.599609375','INTEREST CREDITED','OTHER'
2713,13,6422.0,'33325.0','OLD AGE PENSION','FROM ANOTHER BANK'
2713,0,3387.0,'29938.0','HOUSEHOLD PAYMENT','REMITTED TO ANOTHER BANK'
2713,17,14.600000381469727,'30051.0','PAYMENT FOR STATEMENT','CASH WITHDRAWAL'
2713,0,127.69999694824219,'30065.599609375','INTEREST CREDITED','OTHER'
2713,13,6422.0,'33073.0','OLD AGE PENSION','FROM ANOTHER BANK'
2713,0,3387.0,'29686.0','HOUSEHOLD PAYMENT','REMITTED TO ANOTHER BANK'
2713,18,14.600000381469727,'25602.30078125','PAYMENT FOR STATEMENT','CASH WITHDRAWAL'
2713,0,130.8000030517578,'25616.900390625','INTEREST CREDITED','OTHER'
2713,13,6422.0,'32024.30078125','OLD AGE PENSION','FROM ANOTHER BANK'
2713,0,3387.0,'28637.30078125','HOUSEHOLD PAYMENT','REMITTED TO ANOTHER BANK'
2713,17,14.600000381469727,'24301.30078125','PAYMENT FOR STATEMENT','CASH WITHDRAWAL'
2713,0,118.5999984741211,'24315.900390625','INTEREST CREDITED','OTHER'
2713,13,6422.0,'30723.30078125','OLD AGE PENSION','FROM ANOTHER BANK'
2713,0,3387.0,'27336.30078125','HOUSEHOLD PAYMENT','REMITTED TO ANOTHER BANK'
2713,18,14.600000381469727,'23829.0','PAYMENT FOR STATEMENT','CASH WITHDRAWAL'
2713,0,107.30000305175781,'23843.599609375','INTEREST CREDITED','OTHER'
2713,13,6422.0,'25051.0','OLD AGE PENSION','FROM ANOTHER BANK'
2713,0,3387.0,'21664.0','HOUSEHOLD PAYMENT','REMITTED TO ANOTHER BANK'
2713,18,14.600000381469727,'16045.900390625','PAYMENT FOR STATEMENT','CASH WITHDRAWAL'
2713,0,76.5,'16060.5','INTEREST CREDITED','OTHER'
2713,13,6422.0,'22467.900390625','OLD AGE PENSION','FROM ANOTHER BANK'
2713,0,3387.0,'19080.900390625','HOUSEHOLD PAYMENT','REMITTED TO ANOTHER BANK'
2713,15,14.600000381469727,'19147.80078125','PAYMENT FOR STATEMENT','CASH WITHDRAWAL'
2713,0,81.5,'19162.400390625','INTEREST CREDITED','OTHER'
2713,13,6422.0,'25569.80078125','OLD AGE PENSION','FROM ANOTHER BANK'
2713,0,3387.0,'22182.80078125','HOUSEHOLD PAYMENT','REMITTED TO ANOTHER BANK'
2713,18,14.600000381469727,'22155.599609375','PAYMENT FOR STATEMENT','CASH WITHDRAWAL'
2713,0,87.4000015258789,'22170.19921875','INTEREST CREDITED','OTHER'
2713,13,6422.0,'28577.599609375','OLD AGE PENSION','FROM ANOTHER BANK'
2713,0,3387.0,'25190.599609375','HOUSEHOLD PAYMENT','REMITTED TO ANOTHER BANK'
2713,17,14.600000381469727,'25275.80078125','PAYMENT FOR STATEMENT','CASH WITHDRAWAL'
2713,0,99.80000305175781,'25290.400390625','INTEREST CREDITED','OTHER'
2713,13,6422.0,'31697.80078125','OLD AGE PENSION','FROM ANOTHER BANK'
2713,0,3387.0,'28310.80078125','HOUSEHOLD PAYMENT','REMITTED TO ANOTHER BANK'
2713,18,14.600000381469727,'28409.19921875','PAYMENT FOR STATEMENT','CASH WITHDRAWAL'
2713,0,113.0,'28423.80078125','INTEREST CREDITED','OTHER'
2713,13,6422.0,'34831.19921875','OLD AGE PENSION','FROM ANOTHER BANK'
2713,0,3387.0,'31444.19921875','HOUSEHOLD PAYMENT','REMITTED TO ANOTHER BANK'
2713,17,14.600000381469727,'22541.69921875','PAYMENT FOR STATEMENT','CASH WITHDRAWAL'
2713,0,112.0999984741211,'22556.30078125','INTEREST CREDITED','OTHER'
2713,13,6422.0,'28963.69921875','OLD AGE PENSION','FROM ANOTHER BANK'
2713,0,3387.0,'25576.69921875','HOUSEHOLD PAYMENT','REMITTED TO ANOTHER BANK'
2713,18,14.600000381469727,'24062.599609375','PAYMENT FOR STATEMENT','CASH WITHDRAWAL'
2713,0,100.5,'24077.19921875','INTEREST CREDITED','OTHER'
2713,13,6422.0,'30484.599609375','OLD AGE PENSION','FROM ANOTHER BANK'
2713,0,3387.0,'27097.599609375','HOUSEHOLD PAYMENT','REMITTED TO ANOTHER BANK'
2713,18,14.600000381469727,'25795.69921875','PAYMENT FOR STATEMENT','CASH WITHDRAWAL'
2713,0,112.69999694824219,'25810.30078125','INTEREST CREDITED','OTHER'
2713,13,6422.0,'29337.69921875','OLD AGE PENSION','FROM ANOTHER BANK'
2713,0,3387.0,'25950.69921875','HOUSEHOLD PAYMENT','REMITTED TO ANOTHER BANK'
2713,17,14.600000381469727,'26043.80078125','PAYMENT FOR STATEMENT','CASH WITHDRAWAL'
2713,0,107.69999694824219,'26058.400390625','INTEREST CREDITED','OTHER'
2713,13,6422.0,'32465.80078125','OLD AGE PENSION','FROM ANOTHER BANK'
2713,0,3387.0,'29078.80078125','HOUSEHOLD PAYMENT','REMITTED TO ANOTHER BANK'
2713,18,14.600000381469727,'24615.5','PAYMENT FOR STATEMENT','CASH WITHDRAWAL'
2713,0,111.30000305175781,'24630.099609375','INTEREST CREDITED','OTHER'
2713,13,6422.0,'31037.5','OLD AGE PENSION','FROM ANOTHER BANK'
2713,0,3387.0,'27650.5','HOUSEHOLD PAYMENT','REMITTED TO ANOTHER BANK'
2713,17,14.600000381469727,'25986.5','PAYMENT FOR STATEMENT','CASH WITHDRAWAL'
2713,0,110.5999984741211,'26001.099609375','INTEREST CREDITED','OTHER'
2713,13,6422.0,'32408.5','OLD AGE PENSION','FROM ANOTHER BANK'
2713,0,3387.0,'29021.5','HOUSEHOLD PAYMENT','REMITTED TO ANOTHER BANK'
2713,18,14.600000381469727,'25968.400390625','PAYMENT FOR STATEMENT','CASH WITHDRAWAL'
2713,0,111.5,'25983.0','INTEREST CREDITED','OTHER'
2713,13,6422.0,'29750.400390625','OLD AGE PENSION','FROM ANOTHER BANK'
2713,0,3387.0,'26363.400390625','HOUSEHOLD PAYMENT','REMITTED TO ANOTHER BANK'
2713,18,14.600000381469727,'15273.400390625','PAYMENT FOR STATEMENT','CASH WITHDRAWAL'
2713,0,94.5999984741211,'15288.0','INTEREST CREDITED','OTHER'
2713,13,6422.0,'21695.400390625','OLD AGE PENSION','FROM ANOTHER BANK'
2713,0,3387.0,'18308.400390625','HOUSEHOLD PAYMENT','REMITTED TO ANOTHER BANK'
2713,16,14.600000381469727,'18372.5','PAYMENT FOR STATEMENT','CASH WITHDRAWAL'
2713,0,78.5999984741211,'18387.099609375','INTEREST CREDITED','OTHER'
2713,13,6422.0,'24794.5','OLD AGE PENSION','FROM ANOTHER BANK'
2713,0,3387.0,'21407.5','HOUSEHOLD PAYMENT','REMITTED TO ANOTHER BANK'
2713,18,14.600000381469727,'21476.900390625','PAYMENT FOR STATEMENT','CASH WITHDRAWAL'
2713,0,84.0,'21491.5','INTEREST CREDITED','OTHER'
2713,13,6422.0,'27898.900390625','OLD AGE PENSION','FROM ANOTHER BANK'
2713,0,3387.0,'24511.900390625','HOUSEHOLD PAYMENT','REMITTED TO ANOTHER BANK'
2713,17,14.600000381469727,'21308.599609375','PAYMENT FOR STATEMENT','CASH WITHDRAWAL'
2713,0,91.30000305175781,'21323.19921875','INTEREST CREDITED','OTHER'
2713,13,6422.0,'25890.599609375','OLD AGE PENSION','FROM ANOTHER BANK'
2713,0,3387.0,'22503.599609375','HOUSEHOLD PAYMENT','REMITTED TO ANOTHER BANK'
2713,18,14.600000381469727,'22580.5','PAYMENT FOR STATEMENT','CASH WITHDRAWAL'
2713,0,91.5,'22595.099609375','INTEREST CREDITED','OTHER'
2713,13,6422.0,'24752.5','OLD AGE PENSION','FROM ANOTHER BANK'
2713,0,3387.0,'21365.5','HOUSEHOLD PAYMENT','REMITTED TO ANOTHER BANK'
2713,17,14.600000381469727,'21441.5','PAYMENT FOR STATEMENT','CASH WITHDRAWAL'
2713,0,90.5999984741211,'21456.099609375','INTEREST CREDITED','OTHER'
2713,13,6422.0,'27863.5','OLD AGE PENSION','FROM ANOTHER BANK'
2713,0,3387.0,'24476.5','HOUSEHOLD PAYMENT','REMITTED TO ANOTHER BANK'
2713,18,14.600000381469727,'24558.5','PAYMENT FOR STATEMENT','CASH WITHDRAWAL'
2713,0,96.69999694824219,'24573.099609375','INTEREST CREDITED','OTHER'
2713,13,6422.0,'30980.5','OLD AGE PENSION','FROM ANOTHER BANK'
2713,0,3387.0,'27593.5','HOUSEHOLD PAYMENT','REMITTED TO ANOTHER BANK'
2713,18,14.600000381469727,'27688.5','PAYMENT FOR STATEMENT','CASH WITHDRAWAL'
2713,0,109.5999984741211,'27703.099609375','INTEREST CREDITED','OTHER'
2713,13,6422.0,'34110.5','OLD AGE PENSION','FROM ANOTHER BANK'
2713,0,3387.0,'30723.5','HOUSEHOLD PAYMENT','REMITTED TO ANOTHER BANK'
2713,17,14.600000381469727,'30831.400390625','PAYMENT FOR STATEMENT','CASH WITHDRAWAL'
2713,0,122.5,'30846.0','INTEREST CREDITED','OTHER'
2713,13,6422.0,'37253.3984375','OLD AGE PENSION','FROM ANOTHER BANK'
2713,0,3387.0,'33866.3984375','HOUSEHOLD PAYMENT','REMITTED TO ANOTHER BANK'
2713,18,14.600000381469727,'33987.5','PAYMENT FOR STATEMENT','CASH WITHDRAWAL'
2713,0,135.6999969482422,'34002.1015625','INTEREST CREDITED','OTHER'
2713,13,6422.0,'40409.5','OLD AGE PENSION','FROM ANOTHER BANK'
2713,0,3387.0,'37022.5','HOUSEHOLD PAYMENT','REMITTED TO ANOTHER BANK'
2713,17,14.600000381469727,'37156.6015625','PAYMENT FOR STATEMENT','CASH WITHDRAWAL'
2713,0,148.6999969482422,'37171.19921875','INTEREST CREDITED','OTHER'
2713,13,6422.0,'43578.6015625','OLD AGE PENSION','FROM ANOTHER BANK'
2713,0,3387.0,'40191.6015625','HOUSEHOLD PAYMENT','REMITTED TO ANOTHER BANK'
2713,18,14.600000381469727,'39838.3984375','PAYMENT FOR STATEMENT','CASH WITHDRAWAL'
2713,0,161.39999389648438,'39853.0','INTEREST CREDITED','OTHER'
2713,13,6422.0,'46260.3984375','OLD AGE PENSION','FROM ANOTHER BANK'
2713,0,3387.0,'42873.3984375','HOUSEHOLD PAYMENT','REMITTED TO ANOTHER BANK'
2713,18,14.600000381469727,'32413.69921875','PAYMENT FOR STATEMENT','CASH WITHDRAWAL'
2713,0,154.89999389648438,'32428.30078125','INTEREST CREDITED','OTHER'
2713,13,6422.0,'38835.69921875','OLD AGE PENSION','FROM ANOTHER BANK'
2713,0,3387.0,'35448.69921875','HOUSEHOLD PAYMENT','REMITTED TO ANOTHER BANK'
2713,15,14.600000381469727,'35583.30078125','PAYMENT FOR STATEMENT','CASH WITHDRAWAL'
2713,0,149.1999969482422,'35597.8984375','INTEREST CREDITED','OTHER'
2713,13,6422.0,'42005.30078125','OLD AGE PENSION','FROM ANOTHER BANK'
2713,0,3387.0,'38618.30078125','HOUSEHOLD PAYMENT','REMITTED TO ANOTHER BANK'
2713,18,14.600000381469727,'35478.6015625','PAYMENT FOR STATEMENT','CASH WITHDRAWAL'
2713,0,154.89999389648438,'38773.19921875','INTEREST CREDITED','OTHER'
2713,13,6422.0,'41900.6015625','OLD AGE PENSION','FROM ANOTHER BANK'
2713,0,3387.0,'38513.6015625','HOUSEHOLD PAYMENT','REMITTED TO ANOTHER BANK'
2713,17,14.600000381469727,'38653.6015625','PAYMENT FOR STATEMENT','CASH WITHDRAWAL'
2713,0,154.6999969482422,'38668.19921875','INTEREST CREDITED','OTHER'
2713,13,6422.0,'45075.6015625','OLD AGE PENSION','FROM ANOTHER BANK'
2713,0,3387.0,'41688.6015625','HOUSEHOLD PAYMENT','REMITTED TO ANOTHER BANK'
2713,18,14.600000381469727,'38394.69921875','PAYMENT FOR STATEMENT','CASH WITHDRAWAL'
2713,0,160.60000610351562,'38409.30078125','INTEREST CREDITED','OTHER'
2713,13,6422.0,'30716.69921875','OLD AGE PENSION','FROM ANOTHER BANK'
2713,0,3387.0,'27329.69921875','HOUSEHOLD PAYMENT','REMITTED TO ANOTHER BANK'
2713,17,14.600000381469727,'27454.5','PAYMENT FOR STATEMENT','CASH WITHDRAWAL'
2713,0,139.5,'27469.099609375','INTEREST CREDITED','OTHER'
2713,13,6422.0,'33876.5','OLD AGE PENSION','FROM ANOTHER BANK'
2713,0,3387.0,'30489.5','HOUSEHOLD PAYMENT','REMITTED TO ANOTHER BANK'
2713,18,14.600000381469727,'30596.19921875','PAYMENT FOR STATEMENT','CASH WITHDRAWAL'
2713,0,121.19999694824219,'30610.80078125','INTEREST CREDITED','OTHER'
2713,13,6422.0,'37018.19921875','OLD AGE PENSION','FROM ANOTHER BANK'
2713,0,3387.0,'33631.19921875','HOUSEHOLD PAYMENT','REMITTED TO ANOTHER BANK'
2713,18,14.600000381469727,'33750.80078125','PAYMENT FOR STATEMENT','CASH WITHDRAWAL'
2713,0,134.1999969482422,'33765.3984375','INTEREST CREDITED','OTHER'
2713,13,6422.0,'40172.80078125','OLD AGE PENSION','FROM ANOTHER BANK'
2713,0,3387.0,'36785.80078125','HOUSEHOLD PAYMENT','REMITTED TO ANOTHER BANK'
2713,17,14.600000381469727,'36926.30078125','PAYMENT FOR STATEMENT','CASH WITHDRAWAL'
2713,0,155.1999969482422,'36940.8984375','INTEREST CREDITED','OTHER'
2713,13,6422.0,'43348.30078125','OLD AGE PENSION','FROM ANOTHER BANK'
2713,0,3387.0,'39961.30078125','HOUSEHOLD PAYMENT','REMITTED TO ANOTHER BANK'
2713,18,14.600000381469727,'40107.19921875','PAYMENT FOR STATEMENT','CASH WITHDRAWAL'
2713,0,160.39999389648438,'40121.80078125','INTEREST CREDITED','OTHER'
2713,13,6422.0,'46529.19921875','OLD AGE PENSION','FROM ANOTHER BANK'
2713,0,3387.0,'43142.19921875','HOUSEHOLD PAYMENT','REMITTED TO ANOTHER BANK'
2713,17,14.600000381469727,'43301.1015625','PAYMENT FOR STATEMENT','CASH WITHDRAWAL'
2713,0,173.5,'43315.69921875','INTEREST CREDITED','OTHER'
2713,13,6422.0,'49723.1015625','OLD AGE PENSION','FROM ANOTHER BANK'
2713,0,3387.0,'46336.1015625','HOUSEHOLD PAYMENT','REMITTED TO ANOTHER BANK'
2713,18,14.600000381469727,'45959.1015625','PAYMENT FOR STATEMENT','CASH WITHDRAWAL'
2713,0,187.60000610351562,'45973.69921875','INTEREST CREDITED','OTHER'
2713,13,6422.0,'50271.1015625','OLD AGE PENSION','FROM ANOTHER BANK'
2713,0,3387.0,'45924.1015625','HOUSEHOLD PAYMENT','REMITTED TO ANOTHER BANK'
2713,18,14.600000381469727,'40809.3984375','PAYMENT FOR STATEMENT','CASH WITHDRAWAL'
2713,0,179.89999389648438,'40824.0','INTEREST CREDITED','OTHER'
2713,13,6422.0,'47231.3984375','OLD AGE PENSION','FROM ANOTHER BANK'
2713,0,3387.0,'43844.3984375','HOUSEHOLD PAYMENT','REMITTED TO ANOTHER BANK'
2713,15,14.600000381469727,'44013.19921875','PAYMENT FOR STATEMENT','CASH WITHDRAWAL'
2713,0,183.39999389648438,'44027.80078125','INTEREST CREDITED','OTHER'
2713,13,6422.0,'50435.19921875','OLD AGE PENSION','FROM ANOTHER BANK'
2713,0,3387.0,'47048.19921875','HOUSEHOLD PAYMENT','REMITTED TO ANOTHER BANK'
2713,18,14.600000381469727,'47223.19921875','PAYMENT FOR STATEMENT','CASH WITHDRAWAL'
2713,0,189.60000610351562,'47237.80078125','INTEREST CREDITED','OTHER'
2713,13,6422.0,'53645.19921875','OLD AGE PENSION','FROM ANOTHER BANK'
2713,0,3387.0,'50258.19921875','HOUSEHOLD PAYMENT','REMITTED TO ANOTHER BANK'
2713,17,14.600000381469727,'47803.80078125','PAYMENT FOR STATEMENT','CASH WITHDRAWAL'
2713,0,200.1999969482422,'47818.3984375','INTEREST CREDITED','OTHER'
2713,13,6422.0,'54225.80078125','OLD AGE PENSION','FROM ANOTHER BANK'
2713,0,3387.0,'50838.80078125','HOUSEHOLD PAYMENT','REMITTED TO ANOTHER BANK'
2713,18,14.600000381469727,'51029.3984375','PAYMENT FOR STATEMENT','CASH WITHDRAWAL'
2713,0,205.3000030517578,'51044.0','INTEREST CREDITED','OTHER'
2713,13,6422.0,'55291.3984375','OLD AGE PENSION','FROM ANOTHER BANK'
2713,0,3387.0,'51904.3984375','HOUSEHOLD PAYMENT','REMITTED TO ANOTHER BANK'
2713,17,14.600000381469727,'37584.80078125','PAYMENT FOR STATEMENT','CASH WITHDRAWAL'
2713,0,195.0,'37599.3984375','INTEREST CREDITED','OTHER'
2713,13,6422.0,'44006.80078125','OLD AGE PENSION','FROM ANOTHER BANK'
2713,0,3387.0,'40619.80078125','HOUSEHOLD PAYMENT','REMITTED TO ANOTHER BANK'
2713,18,14.600000381469727,'39565.19921875','PAYMENT FOR STATEMENT','CASH WITHDRAWAL'
2713,0,160.0,'39579.80078125','INTEREST CREDITED','OTHER'
2713,13,6422.0,'45987.19921875','OLD AGE PENSION','FROM ANOTHER BANK'
2713,0,3387.0,'42600.19921875','HOUSEHOLD PAYMENT','REMITTED TO ANOTHER BANK'
2713,18,14.600000381469727,'42764.5','PAYMENT FOR STATEMENT','CASH WITHDRAWAL'
2713,0,178.89999389648438,'42779.1015625','INTEREST CREDITED','OTHER'
2713,13,6422.0,'49186.5','OLD AGE PENSION','FROM ANOTHER BANK'
2713,0,3387.0,'45799.5','HOUSEHOLD PAYMENT','REMITTED TO ANOTHER BANK'
2713,17,14.600000381469727,'45976.69921875','PAYMENT FOR STATEMENT','CASH WITHDRAWAL'
2713,0,191.8000030517578,'45991.30078125','INTEREST CREDITED','OTHER'
2713,13,6422.0,'52398.69921875','OLD AGE PENSION','FROM ANOTHER BANK'
2713,0,3387.0,'49011.69921875','HOUSEHOLD PAYMENT','REMITTED TO ANOTHER BANK'
2713,18,14.600000381469727,'49202.3984375','PAYMENT FOR STATEMENT','CASH WITHDRAWAL'
2713,0,205.39999389648438,'49217.0','INTEREST CREDITED','OTHER'
2713,13,6422.0,'54904.3984375','OLD AGE PENSION','FROM ANOTHER BANK'
2713,0,3387.0,'51517.3984375','HOUSEHOLD PAYMENT','REMITTED TO ANOTHER BANK'
2713,17,14.600000381469727,'51719.3984375','PAYMENT FOR STATEMENT','CASH WITHDRAWAL'
2713,0,216.60000610351562,'51734.0','INTEREST CREDITED','OTHER'
2713,13,6422.0,'58141.3984375','OLD AGE PENSION','FROM ANOTHER BANK'
2713,0,3387.0,'54754.3984375','HOUSEHOLD PAYMENT','REMITTED TO ANOTHER BANK'
2713,18,219.60000610351562,'54374.0','INTEREST CREDITED','OTHER'
1863,0,25.899999618530273,'8128.89990234375','INTEREST CREDITED','OTHER'
1863,31,77.80000305175781,'22709.69921875','INTEREST CREDITED','OTHER'
1863,30,95.80000305175781,'33309.5','INTEREST CREDITED','OTHER'
1863,31,140.10000610351562,'36852.6015625','INTEREST CREDITED','OTHER'
1863,31,14.600000381469727,'37915.5','PAYMENT FOR STATEMENT','CASH WITHDRAWAL'
1863,0,170.5,'37930.1015625','INTEREST CREDITED','OTHER'
1863,5,3371.0,'34544.5','HOUSEHOLD PAYMENT','REMITTED TO ANOTHER BANK'
1863,1,201.0,'34343.5','INSURRANCE','REMITTED TO ANOTHER BANK'
1863,24,14.600000381469727,'31772.400390625','PAYMENT FOR STATEMENT','CASH WITHDRAWAL'
1863,0,156.60000610351562,'31787.0','INTEREST CREDITED','OTHER'
1863,5,3371.0,'28401.400390625','HOUSEHOLD PAYMENT','REMITTED TO ANOTHER BANK'
1863,1,201.0,'28200.400390625','INSURRANCE','REMITTED TO ANOTHER BANK'
1863,25,14.600000381469727,'30009.19921875','PAYMENT FOR STATEMENT','CASH WITHDRAWAL'
1863,0,136.39999389648438,'30023.80078125','INTEREST CREDITED','OTHER'
1863,5,3371.0,'26638.19921875','HOUSEHOLD PAYMENT','REMITTED TO ANOTHER BANK'
1863,1,201.0,'26437.19921875','INSURRANCE','REMITTED TO ANOTHER BANK'
1863,24,14.600000381469727,'31660.69921875','PAYMENT FOR STATEMENT','CASH WITHDRAWAL'
1863,0,131.10000610351562,'31675.30078125','INTEREST CREDITED','OTHER'
1863,5,3371.0,'28289.69921875','HOUSEHOLD PAYMENT','REMITTED TO ANOTHER BANK'
1863,1,201.0,'28088.69921875','INSURRANCE','REMITTED TO ANOTHER BANK'
1863,25,14.600000381469727,'33128.80078125','PAYMENT FOR STATEMENT','CASH WITHDRAWAL'
1863,0,146.8000030517578,'33143.3984375','INTEREST CREDITED','OTHER'
1863,5,3371.0,'29757.80078125','HOUSEHOLD PAYMENT','REMITTED TO ANOTHER BANK'
1863,1,201.0,'27156.80078125','INSURRANCE','REMITTED TO ANOTHER BANK'
1863,25,14.600000381469727,'22073.80078125','PAYMENT FOR STATEMENT','CASH WITHDRAWAL'
1863,0,84.5999984741211,'22088.400390625','INTEREST CREDITED','OTHER'
1863,5,3371.0,'18702.80078125','HOUSEHOLD PAYMENT','REMITTED TO ANOTHER BANK'
1863,1,201.0,'18501.80078125','INSURRANCE','REMITTED TO ANOTHER BANK'
1863,22,14.600000381469727,'30896.19921875','PAYMENT FOR STATEMENT','CASH WITHDRAWAL'
1863,0,102.0,'30910.80078125','INTEREST CREDITED','OTHER'
1863,5,3371.0,'22605.19921875','HOUSEHOLD PAYMENT','REMITTED TO ANOTHER BANK'
1863,1,201.0,'22404.19921875','INSURRANCE','REMITTED TO ANOTHER BANK'
1863,25,14.600000381469727,'36221.6015625','PAYMENT FOR STATEMENT','CASH WITHDRAWAL'
1863,0,125.0,'36236.19921875','INTEREST CREDITED','OTHER'
1863,5,3371.0,'32850.6015625','HOUSEHOLD PAYMENT','REMITTED TO ANOTHER BANK'
1863,1,201.0,'32649.599609375','INSURRANCE','REMITTED TO ANOTHER BANK'
1863,24,14.600000381469727,'39702.69921875','PAYMENT FOR STATEMENT','CASH WITHDRAWAL'
1863,0,160.8000030517578,'39717.30078125','INTEREST CREDITED','OTHER'
1863,5,3371.0,'36331.69921875','HOUSEHOLD PAYMENT','REMITTED TO ANOTHER BANK'
1863,1,201.0,'36130.69921875','INSURRANCE','REMITTED TO ANOTHER BANK'
1863,25,14.600000381469727,'45100.0','PAYMENT FOR STATEMENT','CASH WITHDRAWAL'
1863,0,176.89999389648438,'45114.6015625','INTEREST CREDITED','OTHER'
1863,5,3371.0,'28769.0','HOUSEHOLD PAYMENT','REMITTED TO ANOTHER BANK'
1863,1,201.0,'28568.0','INSURRANCE','REMITTED TO ANOTHER BANK'
1863,24,14.600000381469727,'41522.5','PAYMENT FOR STATEMENT','CASH WITHDRAWAL'
1863,0,161.0,'41537.1015625','INTEREST CREDITED','OTHER'
1863,5,3371.0,'33351.5','HOUSEHOLD PAYMENT','REMITTED TO ANOTHER BANK'
1863,1,201.0,'33150.5','INSURRANCE','REMITTED TO ANOTHER BANK'
1863,25,14.600000381469727,'41907.0','PAYMENT FOR STATEMENT','CASH WITHDRAWAL'
1863,0,164.10000610351562,'41921.6015625','INTEREST CREDITED','OTHER'
1863,5,3371.0,'38536.0','HOUSEHOLD PAYMENT','REMITTED TO ANOTHER BANK'
1863,1,201.0,'38335.0','INSURRANCE','REMITTED TO ANOTHER BANK'
1863,25,14.600000381469727,'48615.30078125','PAYMENT FOR STATEMENT','CASH WITHDRAWAL'
1863,0,187.89999389648438,'48629.8984375','INTEREST CREDITED','OTHER'
1863,5,3371.0,'45244.30078125','HOUSEHOLD PAYMENT','REMITTED TO ANOTHER BANK'
1863,1,201.0,'45043.30078125','INSURRANCE','REMITTED TO ANOTHER BANK'
1863,24,14.600000381469727,'56252.5','PAYMENT FOR STATEMENT','CASH WITHDRAWAL'
1863,0,216.8000030517578,'56267.1015625','INTEREST CREDITED','OTHER'
1863,5,3371.0,'52881.5','HOUSEHOLD PAYMENT','REMITTED TO ANOTHER BANK'
1863,1,201.0,'52680.5','INSURRANCE','REMITTED TO ANOTHER BANK'
1863,25,14.600000381469727,'51785.80078125','PAYMENT FOR STATEMENT','CASH WITHDRAWAL'
1863,0,232.89999389648438,'51800.3984375','INTEREST CREDITED','OTHER'
1863,5,3371.0,'48414.80078125','HOUSEHOLD PAYMENT','REMITTED TO ANOTHER BANK'
1863,1,201.0,'48213.80078125','INSURRANCE','REMITTED TO ANOTHER BANK'
1863,24,14.600000381469727,'51262.19921875','PAYMENT FOR STATEMENT','CASH WITHDRAWAL'
1863,0,216.10000610351562,'51276.80078125','INTEREST CREDITED','OTHER'
1863,5,3371.0,'46611.19921875','HOUSEHOLD PAYMENT','REMITTED TO ANOTHER BANK'
1863,1,201.0,'46410.19921875','INSURRANCE','REMITTED TO ANOTHER BANK'
1863,25,229.60000610351562,'56047.80078125','INTEREST CREDITED','OTHER'
2453,0,9.399999618530273,'3694.39990234375','INTEREST CREDITED','OTHER'
2453,30,15.399999618530273,'6994.7998046875','INTEREST CREDITED','OTHER'
2453,31,15.399999618530273,'10295.099609375','INTEREST CREDITED','OTHER'
2453,30,15.399999618530273,'13595.5','INTEREST CREDITED','OTHER'
2453,31,14.600000381469727,'15474.400390625','PAYMENT FOR STATEMENT','CASH WITHDRAWAL'
2453,0,18.5,'15489.0','INTEREST CREDITED','OTHER'
2453,6,2190.0,'13284.400390625','HOUSEHOLD PAYMENT','REMITTED TO ANOTHER BANK'
2453,25,14.600000381469727,'16622.0','PAYMENT FOR STATEMENT','CASH WITHDRAWAL'
2453,0,67.30000305175781,'16636.599609375','INTEREST CREDITED','OTHER'
2453,6,2190.0,'14432.0','HOUSEHOLD PAYMENT','REMITTED TO ANOTHER BANK'
2453,24,14.600000381469727,'17774.400390625','PAYMENT FOR STATEMENT','CASH WITHDRAWAL'
2453,0,72.0,'17789.0','INTEREST CREDITED','OTHER'
2453,6,2190.0,'15584.400390625','HOUSEHOLD PAYMENT','REMITTED TO ANOTHER BANK'
2453,25,14.600000381469727,'18931.69921875','PAYMENT FOR STATEMENT','CASH WITHDRAWAL'
2453,0,76.9000015258789,'18946.30078125','INTEREST CREDITED','OTHER'
2453,6,2190.0,'15331.7001953125','HOUSEHOLD PAYMENT','REMITTED TO ANOTHER BANK'
2453,24,14.600000381469727,'18676.69921875','PAYMENT FOR STATEMENT','CASH WITHDRAWAL'
2453,0,74.5999984741211,'18691.30078125','INTEREST CREDITED','OTHER'
2453,6,2190.0,'16486.69921875','HOUSEHOLD PAYMENT','REMITTED TO ANOTHER BANK'
2453,25,14.600000381469727,'19447.19921875','PAYMENT FOR STATEMENT','CASH WITHDRAWAL'
2453,0,80.0999984741211,'19461.80078125','INTEREST CREDITED','OTHER'
2453,6,2190.0,'13117.2001953125','HOUSEHOLD PAYMENT','REMITTED TO ANOTHER BANK'
2453,25,14.600000381469727,'16453.69921875','PAYMENT FOR STATEMENT','CASH WITHDRAWAL'
2453,0,66.19999694824219,'16468.30078125','INTEREST CREDITED','OTHER'
2453,6,2190.0,'14263.7001953125','HOUSEHOLD PAYMENT','REMITTED TO ANOTHER BANK'
2453,22,14.600000381469727,'17605.30078125','PAYMENT FOR STATEMENT','CASH WITHDRAWAL'
2453,0,71.0999984741211,'17619.900390625','INTEREST CREDITED','OTHER'
2453,6,2190.0,'15415.2998046875','HOUSEHOLD PAYMENT','REMITTED TO ANOTHER BANK'
2453,25,14.600000381469727,'17470.099609375','PAYMENT FOR STATEMENT','CASH WITHDRAWAL'
2453,0,74.4000015258789,'17484.69921875','INTEREST CREDITED','OTHER'
2453,6,2190.0,'15280.099609375','HOUSEHOLD PAYMENT','REMITTED TO ANOTHER BANK'
2453,24,14.600000381469727,'18295.400390625','PAYMENT FOR STATEMENT','CASH WITHDRAWAL'
2453,0,74.9000015258789,'18310.0','INTEREST CREDITED','OTHER'
2453,6,2190.0,'16105.400390625','HOUSEHOLD PAYMENT','REMITTED TO ANOTHER BANK'
2453,25,14.600000381469727,'19454.80078125','PAYMENT FOR STATEMENT','CASH WITHDRAWAL'
2453,0,79.0,'19469.400390625','INTEREST CREDITED','OTHER'
2453,6,2190.0,'17264.80078125','HOUSEHOLD PAYMENT','REMITTED TO ANOTHER BANK'
2453,24,14.600000381469727,'20618.900390625','PAYMENT FOR STATEMENT','CASH WITHDRAWAL'
2453,0,83.69999694824219,'20633.5','INTEREST CREDITED','OTHER'
2453,6,2190.0,'18428.900390625','HOUSEHOLD PAYMENT','REMITTED TO ANOTHER BANK'
2453,25,14.600000381469727,'21787.900390625','PAYMENT FOR STATEMENT','CASH WITHDRAWAL'
2453,0,88.5999984741211,'21802.5','INTEREST CREDITED','OTHER'
2453,6,2190.0,'19237.900390625','HOUSEHOLD PAYMENT','REMITTED TO ANOTHER BANK'
2453,25,14.600000381469727,'22598.5','PAYMENT FOR STATEMENT','CASH WITHDRAWAL'
2453,0,90.19999694824219,'22613.099609375','INTEREST CREDITED','OTHER'
2453,6,2190.0,'20408.5','HOUSEHOLD PAYMENT','REMITTED TO ANOTHER BANK'
2453,24,14.600000381469727,'23775.69921875','PAYMENT FOR STATEMENT','CASH WITHDRAWAL'
2453,0,96.80000305175781,'23790.30078125','INTEREST CREDITED','OTHER'
2453,6,2190.0,'21585.69921875','HOUSEHOLD PAYMENT','REMITTED TO ANOTHER BANK'
2453,25,14.600000381469727,'24957.80078125','PAYMENT FOR STATEMENT','CASH WITHDRAWAL'
2453,0,101.69999694824219,'24972.400390625','INTEREST CREDITED','OTHER'
2453,6,2190.0,'22767.80078125','HOUSEHOLD PAYMENT','REMITTED TO ANOTHER BANK'
2453,24,14.600000381469727,'26144.80078125','PAYMENT FOR STATEMENT','CASH WITHDRAWAL'
2453,0,106.5999984741211,'26159.400390625','INTEREST CREDITED','OTHER'
2453,6,2190.0,'23954.80078125','HOUSEHOLD PAYMENT','REMITTED TO ANOTHER BANK'
2453,25,14.600000381469727,'24180.900390625','PAYMENT FOR STATEMENT','CASH WITHDRAWAL'
2453,0,105.69999694824219,'24195.5','INTEREST CREDITED','OTHER'
2453,6,2190.0,'21690.900390625','HOUSEHOLD PAYMENT','REMITTED TO ANOTHER BANK'
2453,25,14.600000381469727,'24339.5','PAYMENT FOR STATEMENT','CASH WITHDRAWAL'
2453,0,98.0999984741211,'24354.099609375','INTEREST CREDITED','OTHER'
2453,6,2190.0,'22149.5','HOUSEHOLD PAYMENT','REMITTED TO ANOTHER BANK'
2453,22,14.600000381469727,'25523.69921875','PAYMENT FOR STATEMENT','CASH WITHDRAWAL'
2453,0,103.80000305175781,'25538.30078125','INTEREST CREDITED','OTHER'
2453,6,2190.0,'23333.69921875','HOUSEHOLD PAYMENT','REMITTED TO ANOTHER BANK'
2453,25,14.600000381469727,'26713.0','PAYMENT FOR STATEMENT','CASH WITHDRAWAL'
2453,0,108.9000015258789,'26727.599609375','INTEREST CREDITED','OTHER'
2453,6,2190.0,'24523.0','HOUSEHOLD PAYMENT','REMITTED TO ANOTHER BANK'
2453,24,14.600000381469727,'27907.099609375','PAYMENT FOR STATEMENT','CASH WITHDRAWAL'
2453,0,113.80000305175781,'27921.69921875','INTEREST CREDITED','OTHER'
2453,6,2190.0,'25717.099609375','HOUSEHOLD PAYMENT','REMITTED TO ANOTHER BANK'
2453,25,14.600000381469727,'29106.30078125','PAYMENT FOR STATEMENT','CASH WITHDRAWAL'
2453,0,118.80000305175781,'29120.900390625','INTEREST CREDITED','OTHER'
2453,6,2190.0,'19116.30078125','HOUSEHOLD PAYMENT','REMITTED TO ANOTHER BANK'
2453,24,14.600000381469727,'22481.19921875','PAYMENT FOR STATEMENT','CASH WITHDRAWAL'
2453,0,94.5,'22495.80078125','INTEREST CREDITED','OTHER'
2453,6,2190.0,'20291.19921875','HOUSEHOLD PAYMENT','REMITTED TO ANOTHER BANK'
2453,25,14.600000381469727,'22246.69921875','PAYMENT FOR STATEMENT','CASH WITHDRAWAL'
2453,0,95.0999984741211,'22261.30078125','INTEREST CREDITED','OTHER'
2453,6,2190.0,'20056.69921875','HOUSEHOLD PAYMENT','REMITTED TO ANOTHER BANK'
2453,25,14.600000381469727,'22157.80078125','PAYMENT FOR STATEMENT','CASH WITHDRAWAL'
2453,0,90.5999984741211,'22172.400390625','INTEREST CREDITED','OTHER'
2453,6,2190.0,'19967.80078125','HOUSEHOLD PAYMENT','REMITTED TO ANOTHER BANK'
2453,24,14.600000381469727,'22762.0','PAYMENT FOR STATEMENT','CASH WITHDRAWAL'
2453,0,93.80000305175781,'22776.599609375','INTEREST CREDITED','OTHER'
2453,6,2190.0,'20572.0','HOUSEHOLD PAYMENT','REMITTED TO ANOTHER BANK'
2453,25,14.600000381469727,'23939.599609375','PAYMENT FOR STATEMENT','CASH WITHDRAWAL'
2453,0,97.19999694824219,'23954.19921875','INTEREST CREDITED','OTHER'
2453,6,2190.0,'21749.599609375','HOUSEHOLD PAYMENT','REMITTED TO ANOTHER BANK'
2453,24,14.600000381469727,'23890.900390625','PAYMENT FOR STATEMENT','CASH WITHDRAWAL'
2453,0,100.9000015258789,'23905.5','INTEREST CREDITED','OTHER'
2453,6,2190.0,'20860.900390625','HOUSEHOLD PAYMENT','REMITTED TO ANOTHER BANK'
2453,25,14.600000381469727,'23897.900390625','PAYMENT FOR STATEMENT','CASH WITHDRAWAL'
2453,0,96.5999984741211,'23912.5','INTEREST CREDITED','OTHER'
2453,6,2190.0,'21707.900390625','HOUSEHOLD PAYMENT','REMITTED TO ANOTHER BANK'
2453,25,14.600000381469727,'22584.400390625','PAYMENT FOR STATEMENT','CASH WITHDRAWAL'
2453,0,96.0999984741211,'22599.0','INTEREST CREDITED','OTHER'
2453,6,2190.0,'20394.400390625','HOUSEHOLD PAYMENT','REMITTED TO ANOTHER BANK'
2453,23,14.600000381469727,'23760.900390625','PAYMENT FOR STATEMENT','CASH WITHDRAWAL'
